{
  "type": "FeatureCollection",
  "name": "cp_rg",
  "crs": {
    "type": "name",
    "properties": { "name": "urn:ogc:def:crs:OGC:1.3:CRS84" }
  },
  "features": [
    {
      "type": "Feature",
      "properties": {
        "ID_0": 250,
        "ISO": "VNM",
        "NAME_0": "Vietnam",
        "ID_1": 49,
        "NAME_1": "Quảng Ninh",
        "ID_2": 526,
        "NAME_2": "Cẩm Phả",
        "TYPE_2": "Thi xa",
        "ENGTYPE_2": "Township",
        "NL_NAME_2": null,
        "VARNAME_2": null
      },
      "geometry": {
        "type": "MultiPolygon",
        "coordinates": [
          [
            [
              [107.219856262207088, 20.95402908325201],
              [107.219856262207088, 20.953750610351619],
              [107.220138549804631, 20.953750610351619],
              [107.220138549804631, 20.953470230102653],
              [107.220413208007869, 20.953472137451229],
              [107.220413208007869, 20.953193664550838],
              [107.220138549804631, 20.953193664550838],
              [107.220138549804631, 20.952362060546875],
              [107.219856262207088, 20.952369689941406],
              [107.219856262207088, 20.951810836792049],
              [107.219306945800838, 20.951805114746151],
              [107.219306945800838, 20.952083587646484],
              [107.21875, 20.952079772949332],
              [107.21875, 20.952640533447266],
              [107.218475341796875, 20.95263862609869],
              [107.218475341796875, 20.953193664550838],
              [107.21875, 20.953189849853516],
              [107.21875, 20.95402908325201],
              [107.219856262207088, 20.95402908325201]
            ]
          ],
          [
            [
              [107.225692749023608, 20.965694427490348],
              [107.225692749023608, 20.965139389038143],
              [107.22596740722679, 20.965139389038143],
              [107.22596740722679, 20.964860916137752],
              [107.225677490234318, 20.964860916137752],
              [107.225677490234318, 20.964309692382926],
              [107.224586486816406, 20.964305877685604],
              [107.224586486816406, 20.964582443237362],
              [107.224304199219034, 20.964582443237362],
              [107.224304199219034, 20.965694427490348],
              [107.225692749023608, 20.965694427490348]
            ]
          ],
          [
            [
              [107.220970153808594, 20.968194961547852],
              [107.220970153808594, 20.966806411743278],
              [107.221252441406534, 20.96681022644043],
              [107.221252441406534, 20.966249465942496],
              [107.220138549804631, 20.966249465942496],
              [107.220138549804631, 20.96681022644043],
              [107.219856262207088, 20.96681022644043],
              [107.219856262207088, 20.967639923095817],
              [107.220138549804631, 20.967639923095817],
              [107.220138549804631, 20.968194961547852],
              [107.220970153808594, 20.968194961547852]
            ]
          ],
          [
            [
              [107.232643127441634, 20.970138549804744],
              [107.232643127441634, 20.969858169555778],
              [107.232917785644474, 20.969860076904354],
              [107.232917785644474, 20.969583511352539],
              [107.233192443847713, 20.969583511352539],
              [107.233192443847713, 20.969305038452205],
              [107.234580993652401, 20.969305038452205],
              [107.234580993652401, 20.968194961547852],
              [107.234863281250171, 20.968194961547852],
              [107.234863281250171, 20.967361450195426],
              [107.235420227050952, 20.967361450195426],
              [107.235420227050952, 20.967082977294865],
              [107.234306335449219, 20.967082977294865],
              [107.234306335449219, 20.967361450195426],
              [107.234024047851847, 20.967361450195426],
              [107.234024047851847, 20.966806411743278],
              [107.233749389648438, 20.966806411743278],
              [107.233749389648438, 20.967082977294865],
              [107.233474731445426, 20.967082977294865],
              [107.233474731445426, 20.967361450195426],
              [107.232917785644474, 20.967361450195426],
              [107.232917785644474, 20.967082977294865],
              [107.232635498046932, 20.967082977294865],
              [107.232635498046932, 20.966806411743278],
              [107.232360839843693, 20.96681022644043],
              [107.232360839843693, 20.965690612792969],
              [107.232635498046932, 20.965694427490348],
              [107.232635498046932, 20.965417861938533],
              [107.232086181640682, 20.965419769287109],
              [107.232086181640682, 20.965139389038143],
              [107.232360839843693, 20.965139389038143],
              [107.232360839843693, 20.964860916137752],
              [107.232086181640682, 20.964860916137752],
              [107.232086181640682, 20.964580535888786],
              [107.231529235839901, 20.964582443237362],
              [107.231529235839901, 20.964305877685604],
              [107.230697631835938, 20.964305877685604],
              [107.230697631835938, 20.964582443237362],
              [107.230140686035213, 20.964580535888786],
              [107.230140686035213, 20.964860916137752],
              [107.229858398437614, 20.964860916137752],
              [107.229858398437614, 20.964580535888786],
              [107.229583740234432, 20.964582443237362],
              [107.229583740234432, 20.964027404785213],
              [107.229309082031193, 20.964031219482365],
              [107.229309082031193, 20.963750839233398],
              [107.228469848632869, 20.963750839233398],
              [107.228469848632869, 20.964031219482365],
              [107.228202819824219, 20.964031219482365],
              [107.228202819824219, 20.964309692382926],
              [107.227912902832315, 20.964309692382926],
              [107.227912902832315, 20.966249465942496],
              [107.228202819824219, 20.966249465942496],
              [107.228202819824219, 20.96681022644043],
              [107.229576110839901, 20.96681022644043],
              [107.229576110839901, 20.966529846191463],
              [107.229858398437614, 20.966529846191463],
              [107.229858398437614, 20.96681022644043],
              [107.230140686035213, 20.966806411743278],
              [107.230140686035213, 20.967082977294865],
              [107.230422973632926, 20.967081069946289],
              [107.230422973632926, 20.967639923095817],
              [107.230697631835938, 20.967639923095817],
              [107.230697631835938, 20.967918395996207],
              [107.230972290039347, 20.967916488647461],
              [107.230972290039347, 20.968194961547852],
              [107.231246948242358, 20.968194961547852],
              [107.231246948242358, 20.969305038452205],
              [107.230972290039347, 20.969305038452205],
              [107.230972290039347, 20.969583511352539],
              [107.231246948242358, 20.969579696655387],
              [107.231246948242358, 20.970138549804744],
              [107.232643127441634, 20.970138549804744]
            ]
          ],
          [
            [
              [107.226806640625114, 20.975139617919922],
              [107.226806640625114, 20.974861145019531],
              [107.229309082031193, 20.974861145019531],
              [107.229309082031193, 20.974580764770565],
              [107.230697631835938, 20.974584579467773],
              [107.230697631835938, 20.974306106567383],
              [107.230972290039347, 20.974306106567383],
              [107.230972290039347, 20.974584579467773],
              [107.231246948242358, 20.974584579467773],
              [107.231246948242358, 20.974027633666992],
              [107.231529235839901, 20.974029541015739],
              [107.231529235839901, 20.973751068115348],
              [107.231796264648608, 20.973751068115348],
              [107.231796264648608, 20.973190307617244],
              [107.232086181640682, 20.97319221496582],
              [107.232086181640682, 20.972917556762809],
              [107.232360839843693, 20.972917556762809],
              [107.232360839843693, 20.97319221496582],
              [107.232917785644474, 20.97319221496582],
              [107.232917785644474, 20.972082138061637],
              [107.232086181640682, 20.972082138061637],
              [107.232086181640682, 20.971805572509879],
              [107.231803894043139, 20.971805572509879],
              [107.231803894043139, 20.972082138061637],
              [107.231529235839901, 20.972080230712891],
              [107.231529235839901, 20.972642898559627],
              [107.231246948242358, 20.972642898559627],
              [107.231246948242358, 20.972360610962028],
              [107.230972290039347, 20.972360610962028],
              [107.230972290039347, 20.972642898559627],
              [107.230422973632926, 20.972642898559627],
              [107.230422973632926, 20.972360610962028],
              [107.230140686035213, 20.972360610962028],
              [107.230140686035213, 20.972080230712891],
              [107.229858398437614, 20.972082138061637],
              [107.229858398437614, 20.971805572509879],
              [107.230697631835938, 20.971809387207031],
              [107.230697631835938, 20.97125244140625],
              [107.230972290039347, 20.97125244140625],
              [107.230972290039347, 20.969858169555778],
              [107.229583740234432, 20.969860076904354],
              [107.229583740234432, 20.970417022705135],
              [107.229026794433821, 20.970417022705135],
              [107.229026794433821, 20.970693588256893],
              [107.228752136230639, 20.970693588256893],
              [107.228752136230639, 20.970417022705135],
              [107.227912902832315, 20.970417022705135],
              [107.227912902832315, 20.969860076904354],
              [107.228195190429858, 20.969860076904354],
              [107.228195190429858, 20.969305038452205],
              [107.227912902832315, 20.969305038452205],
              [107.227912902832315, 20.968748092651424],
              [107.228202819824219, 20.968748092651424],
              [107.228195190429858, 20.968471527099609],
              [107.227912902832315, 20.968471527099609],
              [107.227912902832315, 20.967916488647461],
              [107.227638244628906, 20.967918395996207],
              [107.227638244628906, 20.967639923095817],
              [107.227355957031534, 20.967639923095817],
              [107.227355957031534, 20.967918395996207],
              [107.226524353027401, 20.967916488647461],
              [107.226524353027401, 20.968194961547852],
              [107.225975036621321, 20.968194961547852],
              [107.225975036621321, 20.969305038452205],
              [107.226249694824162, 20.969305038452205],
              [107.226249694824162, 20.969860076904354],
              [107.226524353027401, 20.969860076904354],
              [107.226524353027401, 20.970970153808707],
              [107.226249694824162, 20.970970153808707],
              [107.226249694824162, 20.97125244140625],
              [107.225418090820369, 20.97125244140625],
              [107.225418090820369, 20.970970153808707],
              [107.224861145019815, 20.970970153808707],
              [107.224861145019815, 20.97125244140625],
              [107.224586486816406, 20.97125244140625],
              [107.224586486816406, 20.971532821655273],
              [107.224296569824503, 20.971532821655273],
              [107.224296569824503, 20.971809387207031],
              [107.224029541015625, 20.971805572509879],
              [107.224029541015625, 20.972082138061637],
              [107.224296569824503, 20.972080230712891],
              [107.224296569824503, 20.972360610962028],
              [107.224586486816406, 20.972360610962028],
              [107.224586486816406, 20.972642898559627],
              [107.224861145019815, 20.972642898559627],
              [107.224861145019815, 20.972919464111385],
              [107.225418090820369, 20.972917556762809],
              [107.225418090820369, 20.97319221496582],
              [107.225677490234318, 20.973190307617244],
              [107.225677490234318, 20.973480224609318],
              [107.22596740722679, 20.973480224609318],
              [107.22596740722679, 20.973751068115348],
              [107.226249694824162, 20.973749160766602],
              [107.226249694824162, 20.974584579467773],
              [107.226516723632869, 20.974580764770565],
              [107.226516723632869, 20.975139617919922],
              [107.226806640625114, 20.975139617919922]
            ]
          ],
          [
            [
              [107.239295959472713, 20.975139617919922],
              [107.239295959472713, 20.974580764770565],
              [107.239585876464957, 20.974584579467773],
              [107.239585876464957, 20.974306106567383],
              [107.239860534667969, 20.974309921264705],
              [107.239860534667969, 20.974029541015739],
              [107.240142822265909, 20.974029541015739],
              [107.240142822265909, 20.973751068115348],
              [107.24041748046875, 20.973751068115348],
              [107.24041748046875, 20.973480224609318],
              [107.241531372070483, 20.973480224609318],
              [107.241531372070483, 20.973190307617244],
              [107.241806030273665, 20.97319221496582],
              [107.241806030273665, 20.972360610962028],
              [107.241531372070483, 20.972360610962028],
              [107.241531372070483, 20.972080230712891],
              [107.240974426269702, 20.972082138061637],
              [107.240974426269702, 20.971805572509879],
              [107.240676879882869, 20.971809387207031],
              [107.240676879882869, 20.971532821655273],
              [107.240142822265909, 20.971532821655273],
              [107.240142822265909, 20.970407485961971],
              [107.240692138672159, 20.970417022705135],
              [107.240692138672159, 20.970138549804744],
              [107.241889953613224, 20.970138549804744],
              [107.242080688476506, 20.970138549804744],
              [107.242080688476506, 20.969858169555778],
              [107.242362976074276, 20.969860076904354],
              [107.242362976074276, 20.969305038452205],
              [107.242080688476506, 20.969305038452205],
              [107.242080688476506, 20.969028472900391],
              [107.241806030273665, 20.969028472900391],
              [107.241806030273665, 20.968748092651424],
              [107.2406005859375, 20.968748092651424],
              [107.24041748046875, 20.968748092651424],
              [107.24041748046875, 20.969028472900391],
              [107.239585876464957, 20.969028472900391],
              [107.239585876464957, 20.969305038452205],
              [107.239303588867244, 20.969305038452205],
              [107.239303588867244, 20.969583511352539],
              [107.239028930664006, 20.969583511352539],
              [107.239028930664006, 20.970970153808707],
              [107.239295959472713, 20.970970153808707],
              [107.239295959472713, 20.971809387207031],
              [107.239585876464957, 20.971809387207031],
              [107.239585876464957, 20.972360610962028],
              [107.239295959472713, 20.972360610962028],
              [107.239295959472713, 20.972642898559627],
              [107.239028930664006, 20.972642898559627],
              [107.239028930664006, 20.972919464111385],
              [107.238746643066634, 20.972917556762809],
              [107.238746643066634, 20.97319221496582],
              [107.238471984863452, 20.973190307617244],
              [107.238471984863452, 20.973751068115348],
              [107.238197326660213, 20.973751068115348],
              [107.238197326660213, 20.974029541015739],
              [107.237915039062671, 20.974027633666992],
              [107.237915039062671, 20.974584579467773],
              [107.238197326660213, 20.974580764770565],
              [107.238197326660213, 20.974861145019531],
              [107.238471984863452, 20.974861145019531],
              [107.238471984863452, 20.975139617919922],
              [107.239295959472713, 20.975139617919922]
            ]
          ],
          [
            [
              [107.232917785644474, 20.977361679077205],
              [107.232917785644474, 20.977083206176815],
              [107.233474731445426, 20.977083206176815],
              [107.233474731445426, 20.976806640625057],
              [107.234024047851847, 20.976806640625057],
              [107.234024047851847, 20.976528167724666],
              [107.234306335449219, 20.976539611816406],
              [107.234306335449219, 20.975690841674918],
              [107.234580993652401, 20.975694656372127],
              [107.234580993652401, 20.975139617919922],
              [107.234870910644702, 20.975139617919922],
              [107.234863281250171, 20.974861145019531],
              [107.235137939453182, 20.974861145019531],
              [107.235137939453182, 20.974580764770565],
              [107.234863281250171, 20.974584579467773],
              [107.234863281250171, 20.974306106567383],
              [107.234024047851847, 20.974306106567383],
              [107.234024047851847, 20.974584579467773],
              [107.233467102051065, 20.974580764770565],
              [107.233467102051065, 20.974861145019531],
              [107.232917785644474, 20.974861145019531],
              [107.232917785644474, 20.975419998169059],
              [107.232635498046932, 20.975416183471737],
              [107.232635498046932, 20.975694656372127],
              [107.232360839843693, 20.975690841674918],
              [107.232360839843693, 20.976249694824276],
              [107.231803894043139, 20.976249694824276],
              [107.231803894043139, 20.976806640625057],
              [107.232086181640682, 20.976806640625057],
              [107.232086181640682, 20.977083206176815],
              [107.232635498046932, 20.977083206176815],
              [107.232635498046932, 20.977361679077205],
              [107.232917785644474, 20.977361679077205]
            ]
          ],
          [
            [
              [107.246528625488281, 20.980972290039062],
              [107.246528625488281, 20.980693817138672],
              [107.24680328369169, 20.980693817138672],
              [107.24680328369169, 20.980417251586914],
              [107.247360229492244, 20.980421066284237],
              [107.247360229492244, 20.98014068603527],
              [107.247642517090014, 20.98014068603527],
              [107.247642517090014, 20.979320526123047],
              [107.247642517090014, 20.979030609130916],
              [107.247451782226733, 20.979030609130916],
              [107.247360229492244, 20.979030609130916],
              [107.247360229492244, 20.979310989379883],
              [107.247085571289062, 20.979305267333984],
              [107.247085571289062, 20.979583740234318],
              [107.246528625488281, 20.979579925537166],
              [107.246528625488281, 20.979860305786133],
              [107.246246337890909, 20.979860305786133],
              [107.246246337890909, 20.980421066284237],
              [107.245971679687557, 20.980417251586914],
              [107.245971679687557, 20.980972290039062],
              [107.246528625488281, 20.980972290039062]
            ]
          ],
          [
            [
              [107.343482971191463, 20.985141754150447],
              [107.343482971191463, 20.984859466552734],
              [107.34375, 20.984859466552734],
              [107.34375, 20.98458290100092],
              [107.344024658203182, 20.98458290100092],
              [107.344024658203182, 20.984306335449332],
              [107.344306945800724, 20.984310150146484],
              [107.344306945800724, 20.984031677246094],
              [107.344581604003963, 20.984031677246094],
              [107.344581604003963, 20.983749389648551],
              [107.345138549804688, 20.983749389648551],
              [107.345138549804688, 20.983470916748161],
              [107.345413208008097, 20.983472824096737],
              [107.345413208008097, 20.982639312744197],
              [107.344017028808651, 20.982639312744197],
              [107.344017028808651, 20.98292160034174],
              [107.343475341796932, 20.982915878296012],
              [107.343475341796932, 20.983194351196403],
              [107.342636108398608, 20.983194351196403],
              [107.342636108398608, 20.983472824096737],
              [107.342086791992188, 20.983472824096737],
              [107.342086791992188, 20.98458290100092],
              [107.342361450195597, 20.98458290100092],
              [107.342361450195597, 20.984859466552734],
              [107.342918395996151, 20.984859466552734],
              [107.342918395996151, 20.985141754150447],
              [107.343482971191463, 20.985141754150447]
            ]
          ],
          [
            [
              [107.313468933105469, 20.986530303955192],
              [107.313468933105469, 20.986251831054631],
              [107.313751220703409, 20.986251831054631],
              [107.313751220703409, 20.985969543457088],
              [107.314025878906421, 20.985971450805664],
              [107.314025878906421, 20.985694885253906],
              [107.313751220703409, 20.985694885253906],
              [107.313751220703409, 20.985137939453125],
              [107.313468933105469, 20.985141754150447],
              [107.313468933105469, 20.984859466552734],
              [107.312637329101676, 20.984859466552734],
              [107.312637329101676, 20.98458290100092],
              [107.312362670898494, 20.98458290100092],
              [107.312362670898494, 20.983472824096737],
              [107.312080383300724, 20.983472824096737],
              [107.312080383300724, 20.983194351196403],
              [107.311531066894702, 20.983194351196403],
              [107.311531066894702, 20.983472824096737],
              [107.310966491699389, 20.983501434326172],
              [107.310966491699389, 20.983749389648551],
              [107.310417175292969, 20.983749389648551],
              [107.310417175292969, 20.984310150146484],
              [107.310142517090128, 20.984306335449332],
              [107.310142517090128, 20.98458290100092],
              [107.309860229492188, 20.98458290100092],
              [107.309860229492188, 20.985694885253906],
              [107.310417175292969, 20.985694885253906],
              [107.310417175292969, 20.985971450805664],
              [107.312080383300724, 20.985969543457088],
              [107.312080383300724, 20.986251831054631],
              [107.312362670898494, 20.986251831054631],
              [107.312362670898494, 20.986530303955192],
              [107.313468933105469, 20.986530303955192]
            ]
          ],
          [
            [
              [107.349861145019702, 20.987081527710018],
              [107.349861145019702, 20.986803054809627],
              [107.350418090820256, 20.986803054809627],
              [107.350418090820256, 20.985694885253906],
              [107.351249694824219, 20.985694885253906],
              [107.351249694824219, 20.985416412353516],
              [107.352066040039119, 20.985420227050838],
              [107.352066040039119, 20.984310150146484],
              [107.351516723633097, 20.984310150146484],
              [107.351516723633097, 20.984031677246094],
              [107.350418090820256, 20.984031677246094],
              [107.350418090820256, 20.984310150146484],
              [107.349029541015909, 20.984306335449332],
              [107.349029541015909, 20.98458290100092],
              [107.348747253417969, 20.98458290100092],
              [107.348747253417969, 20.987081527710018],
              [107.349861145019702, 20.987081527710018]
            ]
          ],
          [
            [
              [107.35514068603544, 20.987081527710018],
              [107.35514068603544, 20.986803054809627],
              [107.355415344238452, 20.986803054809627],
              [107.355415344238452, 20.986528396606445],
              [107.355697631835994, 20.986530303955192],
              [107.355697631835994, 20.986251831054631],
              [107.355972290039233, 20.986251831054631],
              [107.355972290039233, 20.985691070556697],
              [107.35514068603544, 20.985694885253906],
              [107.35514068603544, 20.985971450805664],
              [107.3548583984375, 20.985969543457088],
              [107.3548583984375, 20.986251831054631],
              [107.354576110840128, 20.986251831054631],
              [107.354576110840128, 20.986530303955192],
              [107.354309082031307, 20.986528396606445],
              [107.354309082031307, 20.986803054809627],
              [107.354583740234659, 20.986803054809627],
              [107.354583740234659, 20.987081527710018],
              [107.35514068603544, 20.987081527710018]
            ]
          ],
          [
            [
              [107.340698242187443, 20.987363815307617],
              [107.340698242187443, 20.987081527710018],
              [107.341529846191463, 20.987081527710018],
              [107.341529846191463, 20.986803054809627],
              [107.342361450195597, 20.986803054809627],
              [107.342361450195597, 20.985971450805664],
              [107.342086791992188, 20.985971450805664],
              [107.342086791992188, 20.985694885253906],
              [107.341804504394815, 20.985694885253906],
              [107.341804504394815, 20.985416412353516],
              [107.341529846191463, 20.985416412353516],
              [107.341529846191463, 20.985694885253906],
              [107.340972900390682, 20.985694885253906],
              [107.340972900390682, 20.985971450805664],
              [107.340698242187443, 20.985969543457088],
              [107.340690612792912, 20.986251831054631],
              [107.340415954590071, 20.986251831054631],
              [107.340415954590071, 20.987363815307617],
              [107.340698242187443, 20.987363815307617]
            ]
          ],
          [
            [
              [107.247642517090014, 20.987640380859375],
              [107.247642517090014, 20.987360000610408],
              [107.248474121093977, 20.987363815307617],
              [107.248474121093977, 20.987081527710018],
              [107.248748779296818, 20.987081527710018],
              [107.248748779296818, 20.986528396606445],
              [107.249031066894588, 20.986530303955192],
              [107.249031066894588, 20.985969543457088],
              [107.24930572509777, 20.985971450805664],
              [107.24930572509777, 20.985694885253906],
              [107.249580383300781, 20.985694885253906],
              [107.249580383300781, 20.985416412353516],
              [107.249870300293253, 20.985420227050838],
              [107.249870300293253, 20.985141754150447],
              [107.250137329101562, 20.985137939453125],
              [107.250137329101562, 20.984859466552734],
              [107.250694274902514, 20.984859466552734],
              [107.250694274902514, 20.984575271606559],
              [107.250694274902514, 20.983749389648551],
              [107.251251220703296, 20.983749389648551],
              [107.251251220703296, 20.983470916748161],
              [107.251525878906477, 20.983470916748161],
              [107.251525878906477, 20.984031677246094],
              [107.253746032715014, 20.984031677246094],
              [107.253746032715014, 20.984310150146484],
              [107.254028320312557, 20.984306335449332],
              [107.254028320312557, 20.984859466552734],
              [107.254226684570369, 20.984859466552734],
              [107.254302978515796, 20.984859466552734],
              [107.254302978515796, 20.985141754150447],
              [107.254859924316349, 20.985141754150447],
              [107.254859924316349, 20.984579086303768],
              [107.255142211914119, 20.98458290100092],
              [107.255142211914119, 20.984027862548942],
              [107.255416870117301, 20.984031677246094],
              [107.255416870117301, 20.983470916748161],
              [107.255691528320312, 20.983472824096737],
              [107.255691528320312, 20.983194351196403],
              [107.255973815918253, 20.983194351196403],
              [107.255973815918253, 20.982915878296012],
              [107.256530761719034, 20.98292160034174],
              [107.256530761719034, 20.982639312744197],
              [107.256813049316406, 20.982639312744197],
              [107.256813049316406, 20.982349395751896],
              [107.257080078125057, 20.982360839843807],
              [107.257080078125057, 20.982084274292049],
              [107.257362365722827, 20.982084274292049],
              [107.257362365722827, 20.981805801391658],
              [107.257080078125057, 20.981809616088981],
              [107.257080078125057, 20.981529235839844],
              [107.256530761719034, 20.981529235839844],
              [107.256530761719034, 20.981250762939453],
              [107.254592895507869, 20.981250762939453],
              [107.254592895507869, 20.981529235839844],
              [107.253753662109546, 20.981527328491268],
              [107.253753662109546, 20.982360839843807],
              [107.253196716308594, 20.982349395751896],
              [107.253196716308594, 20.982639312744197],
              [107.25235748291027, 20.982639312744197],
              [107.25235748291027, 20.98292160034174],
              [107.250968933105526, 20.98292160034174],
              [107.250968933105526, 20.982639312744197],
              [107.250686645507983, 20.982639312744197],
              [107.250686645507983, 20.98208045959484],
              [107.249862670898722, 20.982082366943416],
              [107.249862670898722, 20.981805801391658],
              [107.249267578125057, 20.981805801391658],
              [107.249031066894588, 20.981805801391658],
              [107.249031066894588, 20.982084274292049],
              [107.24930572509777, 20.982084274292049],
              [107.24930572509777, 20.982360839843807],
              [107.249031066894588, 20.982349395751896],
              [107.249031066894588, 20.98292160034174],
              [107.248748779296818, 20.982915878296012],
              [107.248748779296818, 20.983194351196403],
              [107.248191833496037, 20.983194351196403],
              [107.248191833496037, 20.983472824096737],
              [107.247917175293026, 20.983470916748161],
              [107.247917175293026, 20.983749389648551],
              [107.247642517090014, 20.983749389648551],
              [107.247642517090014, 20.98458290100092],
              [107.247360229492244, 20.98458290100092],
              [107.247360229492244, 20.984859466552734],
              [107.246810913086222, 20.984859466552734],
              [107.246810913086222, 20.985141754150447],
              [107.246528625488281, 20.985137939453125],
              [107.246528625488281, 20.985694885253906],
              [107.246810913086222, 20.985691070556697],
              [107.246810913086222, 20.986530303955192],
              [107.246528625488281, 20.986530303955192],
              [107.246528625488281, 20.986251831054631],
              [107.245971679687557, 20.986251831054631],
              [107.245971679687557, 20.986530303955192],
              [107.246246337890909, 20.986528396606445],
              [107.246246337890909, 20.986803054809627],
              [107.246528625488281, 20.986803054809627],
              [107.246528625488281, 20.987363815307617],
              [107.246810913086222, 20.987360000610408],
              [107.246810913086222, 20.987640380859375],
              [107.247360229492244, 20.987640380859375],
              [107.247642517090014, 20.987640380859375]
            ]
          ],
          [
            [
              [107.346260070800952, 20.989030838012695],
              [107.346260070800952, 20.988479614257869],
              [107.346801757812443, 20.988479614257869],
              [107.346809387207202, 20.988201141357536],
              [107.347640991210994, 20.988189697265625],
              [107.347640991210994, 20.986803054809627],
              [107.347084045410384, 20.986803054809627],
              [107.347084045410384, 20.986528396606445],
              [107.346809387207202, 20.986530303955192],
              [107.346801757812443, 20.986251831054631],
              [107.346252441406421, 20.986251831054631],
              [107.346252441406421, 20.985971450805664],
              [107.345413208008097, 20.985971450805664],
              [107.345413208008097, 20.985694885253906],
              [107.344306945800724, 20.985694885253906],
              [107.344306945800724, 20.985416412353516],
              [107.344024658203182, 20.985416412353516],
              [107.344024658203182, 20.985694885253906],
              [107.343475341796932, 20.985694885253906],
              [107.343475341796932, 20.987363815307617],
              [107.344306945800724, 20.987360000610408],
              [107.344306945800724, 20.987640380859375],
              [107.344856262207315, 20.987640380859375],
              [107.344856262207315, 20.987920761108342],
              [107.345138549804688, 20.98791694641119],
              [107.345138549804688, 20.988189697265625],
              [107.345413208008097, 20.988201141357536],
              [107.345413208008097, 20.988479614257869],
              [107.345695495605469, 20.988473892211971],
              [107.345695495605469, 20.988750457763729],
              [107.345970153808651, 20.988750457763729],
              [107.345970153808651, 20.989030838012695],
              [107.346260070800952, 20.989030838012695]
            ]
          ],
          [
            [
              [107.253196716308594, 20.989860534668082],
              [107.253196716308594, 20.989311218261662],
              [107.253471374512003, 20.989311218261662],
              [107.253471374512003, 20.988479614257869],
              [107.253746032715014, 20.988479614257869],
              [107.253746032715014, 20.987920761108342],
              [107.254028320312557, 20.987920761108342],
              [107.254028320312557, 20.987360000610408],
              [107.254302978515796, 20.987363815307617],
              [107.254302978515796, 20.986803054809627],
              [107.254585266113509, 20.986803054809627],
              [107.254585266113509, 20.986528396606445],
              [107.254859924316349, 20.986530303955192],
              [107.254859924316349, 20.986251831054631],
              [107.254585266113509, 20.986251831054631],
              [107.254585266113509, 20.985971450805664],
              [107.254028320312557, 20.985969543457088],
              [107.254028320312557, 20.986251831054631],
              [107.253746032715014, 20.986251831054631],
              [107.253746032715014, 20.986530303955192],
              [107.253471374512003, 20.986528396606445],
              [107.253471374512003, 20.987081527710018],
              [107.253196716308594, 20.987081527710018],
              [107.253196716308594, 20.987363815307617],
              [107.252914428711222, 20.987363815307617],
              [107.252914428711222, 20.988191604614371],
              [107.252639770507812, 20.988189697265625],
              [107.252639770507812, 20.989311218261662],
              [107.25235748291027, 20.989305496215934],
              [107.25235748291027, 20.989585876464901],
              [107.25290679931669, 20.989580154418945],
              [107.25290679931669, 20.989860534668082],
              [107.253196716308594, 20.989860534668082]
            ]
          ],
          [
            [
              [107.245697021484318, 20.990695953369254],
              [107.245697021484318, 20.990417480468864],
              [107.245971679687557, 20.99041938781744],
              [107.245971679687557, 20.990140914917049],
              [107.246528625488281, 20.990140914917049],
              [107.246528625488281, 20.989860534668082],
              [107.246810913086222, 20.989860534668082],
              [107.24680328369169, 20.989585876464901],
              [107.247085571289062, 20.989585876464901],
              [107.247085571289062, 20.989027023315543],
              [107.247360229492244, 20.989030838012695],
              [107.247360229492244, 20.988189697265625],
              [107.247177124023722, 20.988189697265625],
              [107.246528625488281, 20.988189697265625],
              [107.246528625488281, 20.988479614257869],
              [107.246246337890909, 20.988479614257869],
              [107.246246337890909, 20.988750457763729],
              [107.245971679687557, 20.988750457763729],
              [107.245971679687557, 20.989030838012695],
              [107.245697021484318, 20.989030838012695],
              [107.245697021484318, 20.989311218261662],
              [107.245414733886776, 20.989305496215934],
              [107.245414733886776, 20.989585876464901],
              [107.244308471679744, 20.989580154418945],
              [107.244308471679744, 20.990140914917049],
              [107.244026184082202, 20.990139007568473],
              [107.244026184082202, 20.990695953369254],
              [107.245697021484318, 20.990695953369254]
            ]
          ],
          [
            [
              [107.256530761719034, 20.99180984497076],
              [107.256530761719034, 20.991519927978516],
              [107.256805419922046, 20.991527557373047],
              [107.256805419922046, 20.991249084472656],
              [107.257080078125057, 20.991250991821403],
              [107.257080078125057, 20.990970611572266],
              [107.255691528320312, 20.990972518920842],
              [107.255691528320312, 20.990695953369254],
              [107.255142211914119, 20.990695953369254],
              [107.255142211914119, 20.990417480468864],
              [107.254585266113509, 20.990417480468864],
              [107.254585266113509, 20.990695953369254],
              [107.254302978515796, 20.990690231323299],
              [107.254302978515796, 20.991250991821403],
              [107.254585266113509, 20.991249084472656],
              [107.254585266113509, 20.991527557373047],
              [107.254859924316349, 20.991519927978516],
              [107.254859924316349, 20.99180984497076],
              [107.256530761719034, 20.99180984497076]
            ]
          ],
          [
            [
              [107.360137939453068, 20.992082595825195],
              [107.360137939453068, 20.991807937622184],
              [107.360687255859659, 20.99180984497076],
              [107.360687255859659, 20.991519927978516],
              [107.360969543457031, 20.991527557373047],
              [107.360969543457031, 20.991249084472656],
              [107.361259460449503, 20.991250991821403],
              [107.361259460449503, 20.990970611572266],
              [107.361526489257812, 20.990972518920842],
              [107.361526489257812, 20.990695953369254],
              [107.362083435058764, 20.990695953369254],
              [107.362083435058764, 20.990417480468864],
              [107.362358093261776, 20.99041938781744],
              [107.362358093261776, 20.990140914917049],
              [107.362640380859546, 20.990140914917049],
              [107.362640380859546, 20.989860534668082],
              [107.362358093261776, 20.989860534668082],
              [107.362358093261776, 20.989311218261662],
              [107.362075805664233, 20.989311218261662],
              [107.362075805664233, 20.989030838012695],
              [107.360137939453068, 20.989030838012695],
              [107.360137939453068, 20.987920761108342],
              [107.360420227050838, 20.987920761108342],
              [107.360420227050838, 20.987079620361442],
              [107.359580993652287, 20.987081527710018],
              [107.359580993652287, 20.987363815307617],
              [107.359016418457202, 20.987360000610408],
              [107.359016418457202, 20.987640380859375],
              [107.358749389648494, 20.987640380859375],
              [107.358749389648494, 20.987920761108342],
              [107.358474731445312, 20.98791694641119],
              [107.358474731445312, 20.988191604614371],
              [107.357917785644531, 20.988189697265625],
              [107.357917785644531, 20.988479614257869],
              [107.357360839843807, 20.988479614257869],
              [107.357360839843807, 20.989030838012695],
              [107.357086181640568, 20.989027023315543],
              [107.357086181640568, 20.989585876464901],
              [107.356796264648494, 20.989580154418945],
              [107.356796264648494, 20.990140914917049],
              [107.356529235839787, 20.990140914917049],
              [107.356529235839787, 20.99041938781744],
              [107.35764312744152, 20.99041938781744],
              [107.35764312744152, 20.990140914917049],
              [107.357917785644531, 20.990140914917049],
              [107.357917785644531, 20.989860534668082],
              [107.358200073242472, 20.989860534668082],
              [107.35819244384794, 20.989585876464901],
              [107.358749389648494, 20.989585876464901],
              [107.358749389648494, 20.989305496215934],
              [107.359863281250227, 20.989311218261662],
              [107.359863281250227, 20.990140914917049],
              [107.359580993652287, 20.990140914917049],
              [107.359580993652287, 20.99041938781744],
              [107.359306335449276, 20.990417480468864],
              [107.359306335449276, 20.991527557373047],
              [107.359580993652287, 20.991519927978516],
              [107.359580993652287, 20.99180984497076],
              [107.359863281250227, 20.991807937622184],
              [107.359863281250227, 20.992082595825195],
              [107.360137939453068, 20.992082595825195]
            ]
          ],
          [
            [
              [107.344581604003963, 20.992361068725586],
              [107.344581604003963, 20.992080688476619],
              [107.345413208008097, 20.992082595825195],
              [107.345413208008097, 20.991249084472656],
              [107.345703125, 20.991250991821403],
              [107.345703125, 20.990690231323299],
              [107.345970153808651, 20.990695953369254],
              [107.345970153808651, 20.990417480468864],
              [107.346527099609432, 20.99041938781744],
              [107.346527099609432, 20.990140914917049],
              [107.346801757812443, 20.990140914917049],
              [107.346809387207202, 20.989860534668082],
              [107.347076416015682, 20.989860534668082],
              [107.347076416015682, 20.989580154418945],
              [107.346809387207202, 20.989585876464901],
              [107.346801757812443, 20.989305496215934],
              [107.346527099609432, 20.989305496215934],
              [107.346527099609432, 20.989585876464901],
              [107.345695495605469, 20.989585876464901],
              [107.345703125, 20.989860534668082],
              [107.345138549804688, 20.989860534668082],
              [107.345138549804688, 20.990140914917049],
              [107.344581604003963, 20.990140914917049],
              [107.344581604003963, 20.99041938781744],
              [107.343482971191463, 20.99041938781744],
              [107.343482971191463, 20.989860534668082],
              [107.34375, 20.989860534668082],
              [107.34375, 20.989311218261662],
              [107.344017028808651, 20.989311218261662],
              [107.344017028808651, 20.988750457763729],
              [107.344306945800724, 20.988750457763729],
              [107.344306945800724, 20.988479614257869],
              [107.344017028808651, 20.988479614257869],
              [107.344017028808651, 20.988189697265625],
              [107.342086791992188, 20.988191604614371],
              [107.342086791992188, 20.98791694641119],
              [107.340972900390682, 20.98791694641119],
              [107.340972900390682, 20.988191604614371],
              [107.340698242187443, 20.988189697265625],
              [107.340690612792912, 20.988750457763729],
              [107.340415954590071, 20.988750457763729],
              [107.340415954590071, 20.989860534668082],
              [107.340690612792912, 20.989860534668082],
              [107.340698242187443, 20.990695953369254],
              [107.340972900390682, 20.990690231323299],
              [107.340972900390682, 20.991250991821403],
              [107.341247558593864, 20.991250991821403],
              [107.341247558593864, 20.99180984497076],
              [107.342361450195597, 20.991807937622184],
              [107.342361450195597, 20.992082595825195],
              [107.343193054199389, 20.992080688476619],
              [107.343193054199389, 20.992361068725586],
              [107.344581604003963, 20.992361068725586]
            ]
          ],
          [
            [
              [107.3548583984375, 20.992919921875114],
              [107.3548583984375, 20.992639541625977],
              [107.355133056640909, 20.992639541625977],
              [107.355133056640909, 20.988750457763729],
              [107.3548583984375, 20.988750457763729],
              [107.3548583984375, 20.988189697265625],
              [107.354583740234659, 20.988191604614371],
              [107.354583740234659, 20.98791694641119],
              [107.353752136230526, 20.987920761108342],
              [107.353752136230526, 20.988750457763729],
              [107.353202819824276, 20.988750457763729],
              [107.353202819824276, 20.989030838012695],
              [107.352912902832202, 20.989030838012695],
              [107.352912902832202, 20.990140914917049],
              [107.353195190429915, 20.990139007568473],
              [107.353195190429915, 20.990695953369254],
              [107.353469848632756, 20.990695953369254],
              [107.353469848632756, 20.990972518920842],
              [107.353752136230526, 20.990970611572266],
              [107.353752136230526, 20.992361068725586],
              [107.354026794433707, 20.992361068725586],
              [107.354026794433707, 20.992639541625977],
              [107.354576110840128, 20.992639541625977],
              [107.354576110840128, 20.992919921875114],
              [107.3548583984375, 20.992919921875114]
            ]
          ],
          [
            [
              [107.308197021484432, 20.993194580078182],
              [107.308197021484432, 20.992639541625977],
              [107.308471679687671, 20.992639541625977],
              [107.308471679687671, 20.992361068725586],
              [107.308746337890852, 20.992361068725586],
              [107.308746337890852, 20.992080688476619],
              [107.309860229492188, 20.992080688476619],
              [107.309860229492188, 20.992361068725586],
              [107.310417175292969, 20.992361068725586],
              [107.310417175292969, 20.992080688476619],
              [107.311805725097884, 20.992082595825195],
              [107.311805725097884, 20.991807937622184],
              [107.312362670898494, 20.99180984497076],
              [107.312362670898494, 20.991250991821403],
              [107.312637329101676, 20.991250991821403],
              [107.312637329101676, 20.990690231323299],
              [107.311805725097884, 20.990695953369254],
              [107.311805725097884, 20.990417480468864],
              [107.311531066894702, 20.99041938781744],
              [107.311531066894702, 20.990140914917049],
              [107.310966491699389, 20.990140914917049],
              [107.310966491699389, 20.989860534668082],
              [107.309860229492188, 20.989860534668082],
              [107.309860229492188, 20.989580154418945],
              [107.309303283691463, 20.989585876464901],
              [107.309303283691463, 20.989305496215934],
              [107.308471679687671, 20.989305496215934],
              [107.308471679687671, 20.989585876464901],
              [107.308197021484432, 20.989580154418945],
              [107.308197021484432, 20.989860534668082],
              [107.307640075683878, 20.989860534668082],
              [107.307640075683878, 20.990140914917049],
              [107.306526184082145, 20.990140914917049],
              [107.306526184082145, 20.989860534668082],
              [107.305969238281193, 20.989860534668082],
              [107.305969238281193, 20.990140914917049],
              [107.304016113281534, 20.990140914917049],
              [107.304016113281534, 20.99041938781744],
              [107.304306030273438, 20.990417480468864],
              [107.304306030273438, 20.990695953369254],
              [107.304580688476619, 20.990695953369254],
              [107.304580688476619, 20.990972518920842],
              [107.304862976074389, 20.990970611572266],
              [107.304862976074389, 20.991250991821403],
              [107.305137634277401, 20.991249084472656],
              [107.305137634277401, 20.991527557373047],
              [107.305419921875171, 20.991519927978516],
              [107.305419921875171, 20.99180984497076],
              [107.305969238281193, 20.991807937622184],
              [107.305969238281193, 20.992082595825195],
              [107.306526184082145, 20.992080688476619],
              [107.306526184082145, 20.992361068725586],
              [107.306808471679688, 20.992361068725586],
              [107.306808471679688, 20.992639541625977],
              [107.307357788085938, 20.992639541625977],
              [107.307357788085938, 20.992919921875114],
              [107.307914733886889, 20.992916107177791],
              [107.307914733886889, 20.993194580078182],
              [107.308197021484432, 20.993194580078182]
            ]
          ],
          [
            [
              [107.302360534667912, 20.996528625488395],
              [107.302360534667912, 20.996248245239258],
              [107.302642822265852, 20.996248245239258],
              [107.302635192871151, 20.995138168335075],
              [107.302917480468693, 20.995138168335075],
              [107.302917480468693, 20.993476867675895],
              [107.302917480468693, 20.993190765380973],
              [107.302787780761719, 20.993192672729549],
              [107.302635192871151, 20.993194580078182],
              [107.302635192871151, 20.992856979370231],
              [107.302635192871151, 20.991807937622184],
              [107.302360534667912, 20.99180984497076],
              [107.302360534667912, 20.991250991821403],
              [107.302085876464901, 20.991250991821403],
              [107.302085876464901, 20.990970611572266],
              [107.301795959472827, 20.990970611572266],
              [107.301795959472827, 20.991250991821403],
              [107.300971984863565, 20.991249084472656],
              [107.300971984863565, 20.991527557373047],
              [107.301246643066577, 20.991519927978516],
              [107.301246643066577, 20.99180984497076],
              [107.300956726074276, 20.99180984497076],
              [107.300956726074276, 20.992361068725586],
              [107.300697326660156, 20.992361068725586],
              [107.300697326660156, 20.992639541625977],
              [107.300140380859432, 20.992639541625977],
              [107.300140380859432, 20.992361068725586],
              [107.299575805664119, 20.992361068725586],
              [107.299575805664119, 20.992080688476619],
              [107.299308776855412, 20.992082595825195],
              [107.299308776855412, 20.991527557373047],
              [107.298187255859546, 20.991519927978516],
              [107.298187255859546, 20.99180984497076],
              [107.297363281250284, 20.99180984497076],
              [107.297363281250284, 20.990690231323299],
              [107.297637939453125, 20.990695953369254],
              [107.297637939453125, 20.990417480468864],
              [107.297920227051065, 20.99041938781744],
              [107.297920227051065, 20.989860534668082],
              [107.298187255859546, 20.989860534668082],
              [107.298187255859546, 20.989580154418945],
              [107.298469543457088, 20.989585876464901],
              [107.298469543457088, 20.989305496215934],
              [107.298751831054858, 20.989311218261662],
              [107.298751831054858, 20.989030838012695],
              [107.29902648925804, 20.989030838012695],
              [107.29902648925804, 20.988189697265625],
              [107.297637939453125, 20.988191604614371],
              [107.297637939453125, 20.98791694641119],
              [107.297363281250284, 20.987920761108342],
              [107.297363281250284, 20.987360000610408],
              [107.297080993652344, 20.987363815307617],
              [107.297080993652344, 20.986803054809627],
              [107.296806335449332, 20.986803054809627],
              [107.296806335449332, 20.986528396606445],
              [107.295417785644588, 20.986530303955192],
              [107.295417785644588, 20.986251831054631],
              [107.295135498047046, 20.986251831054631],
              [107.295135498047046, 20.985971450805664],
              [107.294860839844034, 20.985971450805664],
              [107.294860839844034, 20.985416412353516],
              [107.294586181640625, 20.985420227050838],
              [107.294586181640625, 20.985177993774414],
              [107.294296264648722, 20.985141754150447],
              [107.294296264648722, 20.984859466552734],
              [107.294029235839844, 20.984859466552734],
              [107.294029235839844, 20.98458290100092],
              [107.293472290039119, 20.98458290100092],
              [107.293472290039119, 20.984306335449332],
              [107.29292297363304, 20.984310150146484],
              [107.29292297363304, 20.984031677246094],
              [107.291809082031534, 20.984031677246094],
              [107.291809082031534, 20.983749389648551],
              [107.290695190429801, 20.983749389648551],
              [107.290695190429801, 20.983472824096737],
              [107.290412902832088, 20.983472824096737],
              [107.290412902832088, 20.983194351196403],
              [107.290138244628849, 20.983194351196403],
              [107.290138244628849, 20.982915878296012],
              [107.289581298828068, 20.98292160034174],
              [107.289581298828068, 20.982639312744197],
              [107.289306640625057, 20.982639312744197],
              [107.289306640625057, 20.982349395751896],
              [107.289024353027514, 20.982360839843807],
              [107.289024353027514, 20.981805801391658],
              [107.28763580322294, 20.981805801391658],
              [107.28763580322294, 20.982360839843807],
              [107.287086486816349, 20.982349395751896],
              [107.287086486816349, 20.98292160034174],
              [107.286804199218807, 20.982915878296012],
              [107.286804199218807, 20.983472824096737],
              [107.286529541015568, 20.983470916748161],
              [107.286529541015568, 20.983749389648551],
              [107.285697937011776, 20.983749389648551],
              [107.285697937011776, 20.984031677246094],
              [107.285423278808594, 20.984031677246094],
              [107.285423278808594, 20.984310150146484],
              [107.284858703613281, 20.984306335449332],
              [107.284858703613281, 20.98458290100092],
              [107.285140991211222, 20.98458290100092],
              [107.285140991211222, 20.984859466552734],
              [107.285697937011776, 20.984859466552734],
              [107.285697937011776, 20.985141754150447],
              [107.285972595215014, 20.985141754150447],
              [107.285972595215014, 20.985694885253906],
              [107.285697937011776, 20.985694885253906],
              [107.285697937011776, 20.985971450805664],
              [107.285415649414233, 20.985971450805664],
              [107.285423278808594, 20.986251831054631],
              [107.285140991211222, 20.986251831054631],
              [107.285140991211222, 20.986803054809627],
              [107.284858703613281, 20.986803054809627],
              [107.284858703613281, 20.987081527710018],
              [107.285140991211222, 20.987079620361442],
              [107.285140991211222, 20.987920761108342],
              [107.284858703613281, 20.98791694641119],
              [107.284858703613281, 20.988191604614371],
              [107.2843017578125, 20.988189697265625],
              [107.2843017578125, 20.988479614257869],
              [107.284027099609489, 20.988479614257869],
              [107.284027099609489, 20.987920761108342],
              [107.283752441406307, 20.987920761108342],
              [107.283752441406307, 20.988479614257869],
              [107.283470153808537, 20.988479614257869],
              [107.283470153808537, 20.988750457763729],
              [107.283210754394588, 20.988750457763729],
              [107.283210754394588, 20.989030838012695],
              [107.282638549804744, 20.989030838012695],
              [107.282638549804744, 20.989311218261662],
              [107.282356262207202, 20.989311218261662],
              [107.282356262207202, 20.989860534668082],
              [107.281806945800781, 20.989860534668082],
              [107.281806945800781, 20.991250991821403],
              [107.282356262207202, 20.991250991821403],
              [107.282356262207202, 20.990970611572266],
              [107.282638549804744, 20.990972518920842],
              [107.282638549804744, 20.990417480468864],
              [107.282920837402514, 20.99041938781744],
              [107.282920837402514, 20.989860534668082],
              [107.284027099609489, 20.989860534668082],
              [107.284027099609489, 20.990140914917049],
              [107.2843017578125, 20.990140914917049],
              [107.2843017578125, 20.99041938781744],
              [107.284858703613281, 20.990417480468864],
              [107.284858703613281, 20.990695953369254],
              [107.285140991211222, 20.990695953369254],
              [107.285140991211222, 20.989860534668082],
              [107.285423278808594, 20.989860534668082],
              [107.285415649414233, 20.989585876464901],
              [107.285697937011776, 20.989585876464901],
              [107.285697937011776, 20.989305496215934],
              [107.285140991211222, 20.989311218261662],
              [107.285140991211222, 20.988479614257869],
              [107.285423278808594, 20.988479614257869],
              [107.285423278808594, 20.988201141357536],
              [107.286247253418196, 20.988189697265625],
              [107.286247253418196, 20.98791694641119],
              [107.286529541015568, 20.987920761108342],
              [107.286529541015568, 20.987640380859375],
              [107.287361145019588, 20.987640380859375],
              [107.287361145019588, 20.987360000610408],
              [107.287918090820312, 20.987360000610408],
              [107.287918090820312, 20.987640380859375],
              [107.288192749023722, 20.987640380859375],
              [107.288192749023722, 20.987360000610408],
              [107.288749694824276, 20.987363815307617],
              [107.288749694824276, 20.987081527710018],
              [107.290138244628849, 20.987081527710018],
              [107.290138244628849, 20.986803054809627],
              [107.290695190429801, 20.986803054809627],
              [107.290695190429801, 20.987081527710018],
              [107.291252136230753, 20.987079620361442],
              [107.291252136230753, 20.989311218261662],
              [107.291809082031534, 20.989305496215934],
              [107.291809082031534, 20.989585876464901],
              [107.292076110840014, 20.989585876464901],
              [107.292083740234546, 20.989305496215934],
              [107.292190551758097, 20.989305496215934],
              [107.292640686035327, 20.989311218261662],
              [107.292640686035327, 20.989030838012695],
              [107.29292297363304, 20.989030838012695],
              [107.29292297363304, 20.988479614257869],
              [107.293197631835881, 20.988479614257869],
              [107.293197631835881, 20.988201141357536],
              [107.293472290039119, 20.988189697265625],
              [107.293472290039119, 20.987081527710018],
              [107.293197631835881, 20.987081527710018],
              [107.293197631835881, 20.986803054809627],
              [107.294586181640625, 20.986803054809627],
              [107.294586181640625, 20.987081527710018],
              [107.294860839844034, 20.987079620361442],
              [107.294860839844034, 20.987640380859375],
              [107.294586181640625, 20.987640380859375],
              [107.294586181640625, 20.987920761108342],
              [107.294303894043253, 20.98791694641119],
              [107.294296264648722, 20.988189697265625],
              [107.294586181640625, 20.988201141357536],
              [107.294586181640625, 20.988479614257869],
              [107.295692443847827, 20.988479614257869],
              [107.295692443847827, 20.988201141357536],
              [107.296806335449332, 20.988201141357536],
              [107.296806335449332, 20.988479614257869],
              [107.297363281250284, 20.988479614257869],
              [107.297363281250284, 20.988750457763729],
              [107.297637939453125, 20.988750457763729],
              [107.297637939453125, 20.989030838012695],
              [107.297920227051065, 20.989030838012695],
              [107.297920227051065, 20.989311218261662],
              [107.297363281250284, 20.989305496215934],
              [107.297363281250284, 20.989585876464901],
              [107.296806335449332, 20.989580154418945],
              [107.296806335449332, 20.989860534668082],
              [107.296249389648381, 20.989860534668082],
              [107.296249389648381, 20.990140914917049],
              [107.295692443847827, 20.990140914917049],
              [107.295692443847827, 20.99041938781744],
              [107.295135498047046, 20.990417480468864],
              [107.295135498047046, 20.990695953369254],
              [107.294860839844034, 20.990695953369254],
              [107.294860839844034, 20.990972518920842],
              [107.294586181640625, 20.990972518920842],
              [107.294586181640625, 20.990695953369254],
              [107.294029235839844, 20.990695953369254],
              [107.294029235839844, 20.990417480468864],
              [107.293472290039119, 20.99041938781744],
              [107.293472290039119, 20.990140914917049],
              [107.293197631835881, 20.990140914917049],
              [107.293197631835881, 20.99041938781744],
              [107.292640686035327, 20.990417480468864],
              [107.292640686035327, 20.990695953369254],
              [107.292358398437557, 20.990690231323299],
              [107.292358398437557, 20.99180984497076],
              [107.291809082031534, 20.991807937622184],
              [107.291809082031534, 20.992082595825195],
              [107.291648864746207, 20.992082595825195],
              [107.291252136230753, 20.992080688476619],
              [107.291252136230753, 20.992361068725586],
              [107.290969848632812, 20.992361068725586],
              [107.290969848632812, 20.99374961853033],
              [107.291252136230753, 20.99374961853033],
              [107.291252136230753, 20.994028091430721],
              [107.291885375976733, 20.994028091430721],
              [107.292915344238509, 20.994026184082145],
              [107.292915344238509, 20.994304656982536],
              [107.293197631835881, 20.994304656982536],
              [107.293197631835881, 20.99486160278326],
              [107.293472290039119, 20.994859695434684],
              [107.293472290039119, 20.995420455932617],
              [107.294860839844034, 20.995420455932617],
              [107.294860839844034, 20.995700836181584],
              [107.295333862304858, 20.995695114135856],
              [107.295417785644588, 20.995971679687614],
              [107.295692443847827, 20.995969772338867],
              [107.295692443847827, 20.996248245239258],
              [107.297920227051065, 20.996248245239258],
              [107.297920227051065, 20.995992660522461],
              [107.298156738281193, 20.995986938476506],
              [107.29902648925804, 20.995969772338867],
              [107.29902648925804, 20.995695114135856],
              [107.300697326660156, 20.995695114135856],
              [107.300697326660156, 20.995971679687614],
              [107.300956726074276, 20.995969772338867],
              [107.300956726074276, 20.996248245239258],
              [107.301361083984659, 20.996248245239258],
              [107.301818847656421, 20.996248245239258],
              [107.302085876464901, 20.996248245239258],
              [107.302085876464901, 20.996528625488395],
              [107.302360534667912, 20.996528625488395]
            ]
          ],
          [
            [
              [107.350418090820256, 20.997083663940373],
              [107.350418090820256, 20.996805191040039],
              [107.350692749023494, 20.996810913085938],
              [107.350692749023494, 20.996528625488395],
              [107.350982666015568, 20.996528625488395],
              [107.350982666015568, 20.996248245239258],
              [107.351524353027628, 20.996248245239258],
              [107.351516723633097, 20.995969772338867],
              [107.351806640625, 20.995971679687614],
              [107.351806640625, 20.995695114135856],
              [107.352912902832202, 20.995700836181584],
              [107.352912902832202, 20.995420455932617],
              [107.354026794433707, 20.995420455932617],
              [107.354026794433707, 20.995138168335075],
              [107.3548583984375, 20.995138168335075],
              [107.3548583984375, 20.994859695434684],
              [107.35514068603544, 20.99486160278326],
              [107.35514068603544, 20.994304656982536],
              [107.3548583984375, 20.994304656982536],
              [107.3548583984375, 20.994026184082145],
              [107.355133056640909, 20.994028091430721],
              [107.355133056640909, 20.99374961853033],
              [107.3548583984375, 20.99374961853033],
              [107.3548583984375, 20.99347114562994],
              [107.353752136230526, 20.993473052978516],
              [107.353752136230526, 20.993194580078182],
              [107.353469848632756, 20.993194580078182],
              [107.353469848632756, 20.992916107177791],
              [107.353202819824276, 20.992919921875114],
              [107.353202819824276, 20.992639541625977],
              [107.352912902832202, 20.992639541625977],
              [107.352912902832202, 20.992361068725586],
              [107.352638244628963, 20.992361068725586],
              [107.352638244628963, 20.992080688476619],
              [107.352363586425952, 20.992082595825195],
              [107.352363586425952, 20.991807937622184],
              [107.352066040039119, 20.99180984497076],
              [107.352066040039119, 20.991519927978516],
              [107.351524353027628, 20.991527557373047],
              [107.351524353027628, 20.991249084472656],
              [107.350418090820256, 20.991249084472656],
              [107.350418090820256, 20.991527557373047],
              [107.350135803222884, 20.991519927978516],
              [107.350135803222884, 20.99180984497076],
              [107.349586486816463, 20.99180984497076],
              [107.349586486816463, 20.991519927978516],
              [107.349304199218921, 20.991527557373047],
              [107.349304199218921, 20.990972518920842],
              [107.348747253417969, 20.990972518920842],
              [107.348747253417969, 20.990417480468864],
              [107.347923278808707, 20.99041938781744],
              [107.347923278808707, 20.990140914917049],
              [107.347640991210994, 20.990139007568473],
              [107.347640991210994, 20.990695953369254],
              [107.347358703613224, 20.990695953369254],
              [107.347358703613224, 20.992082595825195],
              [107.348197937011719, 20.992080688476619],
              [107.348197937011719, 20.992361068725586],
              [107.348747253417969, 20.992361068725586],
              [107.348747253417969, 20.993194580078182],
              [107.349029541015909, 20.993190765380973],
              [107.349029541015909, 20.994028091430721],
              [107.350418090820256, 20.994026184082145],
              [107.350418090820256, 20.994304656982536],
              [107.350692749023494, 20.994289398193416],
              [107.350692749023494, 20.995420455932617],
              [107.350418090820256, 20.995420455932617],
              [107.350418090820256, 20.996248245239258],
              [107.350135803222884, 20.996248245239258],
              [107.350135803222884, 20.996810913085938],
              [107.349861145019702, 20.996805191040039],
              [107.349861145019702, 20.997083663940373],
              [107.350418090820256, 20.997083663940373]
            ]
          ],
          [
            [
              [107.361808776855753, 20.999031066894474],
              [107.361808776855753, 20.998752593994084],
              [107.362075805664233, 20.998752593994084],
              [107.362075805664233, 20.998470306396541],
              [107.362640380859546, 20.998470306396541],
              [107.362640380859546, 20.998193740844727],
              [107.363197326660099, 20.998193740844727],
              [107.363197326660099, 20.997638702392578],
              [107.363471984863338, 20.997650146484489],
              [107.363471984863338, 20.997360229492188],
              [107.36374664306652, 20.997360229492188],
              [107.36374664306652, 20.996248245239258],
              [107.363471984863338, 20.996248245239258],
              [107.363471984863338, 20.995138168335075],
              [107.36374664306652, 20.995138168335075],
              [107.36374664306652, 20.994859695434684],
              [107.364028930664062, 20.99486160278326],
              [107.364028930664062, 20.994583129882869],
              [107.364303588867472, 20.994583129882869],
              [107.364303588867472, 20.994304656982536],
              [107.364028930664062, 20.994304656982536],
              [107.364028930664062, 20.994026184082145],
              [107.363471984863338, 20.994026184082145],
              [107.363471984863338, 20.994304656982536],
              [107.363197326660099, 20.994304656982536],
              [107.363197326660099, 20.994583129882869],
              [107.362915039062727, 20.994583129882869],
              [107.362915039062727, 20.99486160278326],
              [107.362640380859546, 20.994859695434684],
              [107.362640380859546, 20.995138168335075],
              [107.362358093261776, 20.995138168335075],
              [107.362358093261776, 20.995700836181584],
              [107.362083435058764, 20.995695114135856],
              [107.362083435058764, 20.995971679687614],
              [107.361808776855753, 20.995971679687614],
              [107.361808776855753, 20.997083663940373],
              [107.361526489257812, 20.997079849243221],
              [107.361526489257812, 20.997360229492188],
              [107.361259460449503, 20.997360229492188],
              [107.361259460449503, 20.997650146484489],
              [107.360969543457031, 20.997638702392578],
              [107.360969543457031, 20.998193740844727],
              [107.361251831054972, 20.998193740844727],
              [107.361251831054972, 20.998752593994084],
              [107.361526489257812, 20.998752593994084],
              [107.361526489257812, 20.999031066894474],
              [107.361808776855753, 20.999031066894474]
            ]
          ],
          [
            [
              [107.367637634277344, 20.999862670898438],
              [107.367637634277344, 20.999580383300895],
              [107.367919921875284, 20.999582290649471],
              [107.367919921875284, 20.999305725097713],
              [107.368469238281307, 20.999309539795036],
              [107.368469238281307, 20.999031066894474],
              [107.368186950683764, 20.999031066894474],
              [107.368186950683764, 20.998752593994084],
              [107.367919921875284, 20.998752593994084],
              [107.367919921875284, 20.998470306396541],
              [107.367362976074503, 20.998470306396541],
              [107.367362976074503, 20.998193740844727],
              [107.366806030273551, 20.998193740844727],
              [107.366806030273551, 20.997917175292969],
              [107.366531372070369, 20.997922897338924],
              [107.366531372070369, 20.997650146484489],
              [107.365966796875227, 20.997650146484489],
              [107.365966796875227, 20.997360229492188],
              [107.365142822265796, 20.997360229492188],
              [107.365142822265796, 20.997650146484489],
              [107.364860534668253, 20.997638702392578],
              [107.364860534668253, 20.998470306396541],
              [107.365135192871264, 20.998470306396541],
              [107.365135192871264, 20.998752593994084],
              [107.365966796875227, 20.998752593994084],
              [107.365966796875227, 20.999031066894474],
              [107.366249084472599, 20.999031066894474],
              [107.366249084472599, 20.999309539795036],
              [107.366531372070369, 20.999305725097713],
              [107.366531372070369, 20.999582290649471],
              [107.367073059082031, 20.999580383300895],
              [107.367073059082031, 20.999862670898438],
              [107.367637634277344, 20.999862670898438]
            ]
          ],
          [
            [
              [107.366806030273551, 21.002084732055778],
              [107.366806030273551, 21.001527786254996],
              [107.367073059082031, 21.001529693603572],
              [107.367073059082031, 21.000970840454215],
              [107.366531372070369, 21.000974655151424],
              [107.366531372070369, 21.000692367553825],
              [107.365974426269759, 21.000692367553825],
              [107.365974426269759, 21.000415802002067],
              [107.365692138672046, 21.000419616699219],
              [107.365692138672046, 21.000141143798828],
              [107.364028930664062, 21.000141143798828],
              [107.364028930664062, 21.000419616699219],
              [107.364303588867472, 21.000415802002067],
              [107.364303588867472, 21.000974655151424],
              [107.364860534668253, 21.000970840454215],
              [107.364860534668253, 21.001251220703182],
              [107.365142822265796, 21.001251220703182],
              [107.365142822265796, 21.001529693603572],
              [107.365417480468807, 21.001529693603572],
              [107.365417480468807, 21.001810073852539],
              [107.365974426269759, 21.001806259155387],
              [107.365974426269759, 21.002084732055778],
              [107.366806030273551, 21.002084732055778]
            ]
          ],
          [
            [
              [107.384864807128963, 21.109584808349609],
              [107.384864807128963, 21.109027862548828],
              [107.385139465331974, 21.109029769897575],
              [107.385139465331974, 21.108749389648438],
              [107.385406494140682, 21.108749389648438],
              [107.385406494140682, 21.108470916748047],
              [107.385139465331974, 21.108474731445426],
              [107.385139465331974, 21.107362747192496],
              [107.384857177734602, 21.107362747192496],
              [107.384857177734602, 21.106809616088867],
              [107.384582519531421, 21.106809616088867],
              [107.384582519531421, 21.106531143188477],
              [107.384307861328182, 21.106531143188477],
              [107.384307861328182, 21.105970382690543],
              [107.384025573730639, 21.105970382690543],
              [107.384025573730639, 21.105693817138786],
              [107.383468627929688, 21.105693817138786],
              [107.383468627929688, 21.105970382690543],
              [107.383193969726847, 21.105970382690543],
              [107.383193969726847, 21.107082366943303],
              [107.383468627929688, 21.107080459594727],
              [107.383468627929688, 21.10764122009283],
              [107.383750915527628, 21.10764122009283],
              [107.383750915527628, 21.108749389648438],
              [107.384307861328182, 21.108749389648438],
              [107.384307861328182, 21.109584808349609],
              [107.384864807128963, 21.109584808349609]
            ]
          ],
          [
            [
              [107.391250610351733, 21.123472213745174],
              [107.391250610351733, 21.123195648193416],
              [107.391525268554915, 21.123195648193416],
              [107.391525268554915, 21.122917175293026],
              [107.391807556152287, 21.122920989990178],
              [107.391807556152287, 21.122640609741211],
              [107.392082214355526, 21.122640609741211],
              [107.392082214355526, 21.122079849243278],
              [107.392364501953239, 21.122085571289062],
              [107.392364501953239, 21.11958122253418],
              [107.39263916015625, 21.11958122253418],
              [107.39263916015625, 21.118194580078239],
              [107.392913818359659, 21.118194580078239],
              [107.392913818359659, 21.117925643920955],
              [107.393196105957031, 21.117916107177848],
              [107.393196105957031, 21.117639541626033],
              [107.392906188965128, 21.117639541626033],
              [107.392906188965128, 21.117080688476676],
              [107.39263916015625, 21.117082595825252],
              [107.39263916015625, 21.116806030273494],
              [107.392082214355526, 21.11681175231945],
              [107.392082214355526, 21.116531372070256],
              [107.391532897949446, 21.116579055786076],
              [107.391532897949446, 21.11681175231945],
              [107.391036987304631, 21.116809844970646],
              [107.39041900634794, 21.11681175231945],
              [107.39041900634794, 21.117359161377067],
              [107.39013671875, 21.117359161377067],
              [107.39013671875, 21.119304656982422],
              [107.39041900634794, 21.119304656982422],
              [107.39041900634794, 21.121000289917106],
              [107.39041900634794, 21.121250152587891],
              [107.39013671875, 21.121250152587891],
              [107.39013671875, 21.123472213745174],
              [107.391250610351733, 21.123472213745174]
            ]
          ],
          [
            [
              [107.390686035156421, 21.159032821655273],
              [107.390708923339844, 21.158750534057674],
              [107.391250610351733, 21.158750534057674],
              [107.391242980956974, 21.15792274475109],
              [107.390975952148494, 21.15792274475109],
              [107.390975952148494, 21.156801223754996],
              [107.390693664550952, 21.156805038452205],
              [107.390693664550952, 21.155694961547852],
              [107.389030456543026, 21.155694961547852],
              [107.389030456543026, 21.15617752075201],
              [107.389305114746207, 21.156248092651424],
              [107.389305114746207, 21.156805038452205],
              [107.389579772949219, 21.156805038452205],
              [107.389579772949219, 21.157360076904354],
              [107.389862060547159, 21.157360076904354],
              [107.389862060547159, 21.158470153808707],
              [107.39013671875, 21.158470153808707],
              [107.39013671875, 21.159032821655273],
              [107.390686035156421, 21.159032821655273]
            ]
          ],
          [
            [
              [107.406806945800838, 21.181804656982536],
              [107.406806945800838, 21.181528091430721],
              [107.407081604004077, 21.181528091430721],
              [107.407081604004077, 21.180959701538086],
              [107.40736389160179, 21.180973052978572],
              [107.40736389160179, 21.180416107177791],
              [107.407638549804631, 21.180419921874943],
              [107.407638549804631, 21.179861068725586],
              [107.407913208007869, 21.179861068725586],
              [107.407913208007869, 21.179580688476619],
              [107.408195495605582, 21.179582595825195],
              [107.408195495605582, 21.179307937622184],
              [107.408470153808594, 21.17930984497076],
              [107.408470153808594, 21.178750991821232],
              [107.408752441406534, 21.178750991821232],
              [107.408752441406534, 21.17791938781744],
              [107.409027099609375, 21.17791938781744],
              [107.409027099609375, 21.177640914917049],
              [107.409309387207315, 21.177640914917049],
              [107.409309387207315, 21.176811218261719],
              [107.409576416015796, 21.176811218261719],
              [107.409576416015796, 21.176530838012695],
              [107.409858703613338, 21.176530838012695],
              [107.409858703613338, 21.175689697265625],
              [107.409584045410327, 21.17569541931158],
              [107.409584045410327, 21.174863815307617],
              [107.409309387207315, 21.174863815307617],
              [107.409301757812784, 21.172916412353516],
              [107.409027099609375, 21.172920227050838],
              [107.409027099609375, 21.170139312744197],
              [107.408752441406534, 21.170139312744197],
              [107.408752441406534, 21.168188095092773],
              [107.409027099609375, 21.168193817138729],
              [107.409027099609375, 21.16652870178234],
              [107.409309387207315, 21.166530609130916],
              [107.409309387207315, 21.164300918579102],
              [107.409027099609375, 21.164306640625057],
              [107.409027099609375, 21.162914276123161],
              [107.408752441406534, 21.162919998168888],
              [107.408752441406534, 21.161529541015739],
              [107.408470153808594, 21.161529541015739],
              [107.408470153808594, 21.160690307617244],
              [107.408195495605582, 21.16069221496582],
              [107.408195495605582, 21.159305572509879],
              [107.408470153808594, 21.159309387207031],
              [107.408470153808594, 21.153470993042106],
              [107.408195495605582, 21.153472900390739],
              [107.408195495605582, 21.152917861938533],
              [107.408470153808594, 21.152919769287109],
              [107.408470153808594, 21.150690078735465],
              [107.408752441406534, 21.15069580078125],
              [107.408752441406534, 21.150138854980469],
              [107.409027099609375, 21.150140762329045],
              [107.409027099609375, 21.149580001831112],
              [107.409301757812784, 21.149585723877067],
              [107.409309387207315, 21.149026870727539],
              [107.409576416015796, 21.149030685424862],
              [107.409576416015796, 21.148210525512809],
              [107.409858703613338, 21.148210525512809],
              [107.409858703613338, 21.147359848022575],
              [107.410140991211108, 21.147363662719783],
              [107.410140991211108, 21.146528244018612],
              [107.410423278808651, 21.146530151367188],
              [107.410423278808651, 21.140689849853516],
              [107.410140991211108, 21.140693664550895],
              [107.410140991211108, 21.14041709899908],
              [107.409858703613338, 21.140420913696232],
              [107.409858703613338, 21.139860153198299],
              [107.409584045410327, 21.139860153198299],
              [107.409576416015796, 21.139579772949332],
              [107.409309387207315, 21.139583587646541],
              [107.409301757812784, 21.139028549194336],
              [107.409858703613338, 21.139038085937443],
              [107.409858703613338, 21.138750076293945],
              [107.410423278808651, 21.138750076293945],
              [107.41041564941429, 21.138196945190543],
              [107.410697937011662, 21.138200759887752],
              [107.410697937011662, 21.137920379638729],
              [107.410423278808651, 21.137920379638729],
              [107.410423278808651, 21.137639999389762],
              [107.410140991211108, 21.137639999389762],
              [107.410140991211108, 21.137359619140625],
              [107.409858703613338, 21.137361526489201],
              [107.409858703613338, 21.136528015136832],
              [107.409576416015796, 21.136529922485408],
              [107.409576416015796, 21.135690689086914],
              [107.409309387207315, 21.13569259643549],
              [107.409301757812784, 21.135139465332088],
              [107.409027099609375, 21.135139465332088],
              [107.409027099609375, 21.13486289978033],
              [107.408752441406534, 21.13486289978033],
              [107.408752441406534, 21.134580612182731],
              [107.408226013183764, 21.13458442687994],
              [107.407913208007869, 21.13458442687994],
              [107.407913208007869, 21.134304046630973],
              [107.407638549804631, 21.134309768676701],
              [107.407638549804631, 21.13486289978033],
              [107.407913208007869, 21.13486289978033],
              [107.407913208007869, 21.135419845581055],
              [107.406806945800838, 21.135419845581055],
              [107.406806945800838, 21.134580612182731],
              [107.406524658203296, 21.13458442687994],
              [107.406524658203296, 21.134027481079158],
              [107.406250000000284, 21.134029388427734],
              [107.406250000000284, 21.133752822875977],
              [107.405975341796875, 21.133752822875977],
              [107.405975341796875, 21.133192062377987],
              [107.405136108398551, 21.133192062377987],
              [107.405136108398551, 21.132917404174805],
              [107.404586791992131, 21.132921218872184],
              [107.404586791992131, 21.13181114196783],
              [107.404296875000057, 21.13181114196783],
              [107.404296875000057, 21.131450653076286],
              [107.404304504394759, 21.130416870117301],
              [107.404029846191577, 21.130420684814453],
              [107.404029846191577, 21.130138397216911],
              [107.403747558593807, 21.130138397216911],
              [107.403747558593807, 21.129850387573242],
              [107.403472900390796, 21.129861831665096],
              [107.403472900390796, 21.129583358764762],
              [107.402084350586051, 21.129583358764762],
              [107.402084350586051, 21.129304885864371],
              [107.401802062988338, 21.129304885864371],
              [107.401802062988338, 21.129028320312557],
              [107.40126037597679, 21.129028320312557],
              [107.400695800781307, 21.129028320312557],
              [107.400650024414062, 21.128749847412166],
              [107.398193359375057, 21.128749847412166],
              [107.398193359375057, 21.1284694671632],
              [107.397636413574446, 21.128471374511776],
              [107.397636413574446, 21.128194808960018],
              [107.397361755371264, 21.128194808960018],
              [107.397361755371264, 21.127916336059627],
              [107.39597320556669, 21.127916336059627],
              [107.39597320556669, 21.128194808960018],
              [107.39569091796875, 21.128190994262809],
              [107.39569091796875, 21.128749847412166],
              [107.395416259765739, 21.128749847412166],
              [107.395416259765739, 21.130420684814453],
              [107.395141601562557, 21.130420684814453],
              [107.395141601562557, 21.130701065063477],
              [107.394859313964787, 21.130701065063477],
              [107.394859313964787, 21.13125038146984],
              [107.394584655761946, 21.13125038146984],
              [107.394584655761946, 21.132083892822266],
              [107.394027709960994, 21.132080078125057],
              [107.394027709960994, 21.132360458374023],
              [107.393753051757983, 21.132360458374023],
              [107.393753051757983, 21.133470535278377],
              [107.39347076416044, 21.133470535278377],
              [107.39347076416044, 21.13458442687994],
              [107.393196105957031, 21.13458442687994],
              [107.393196105957031, 21.13569259643549],
              [107.392906188965128, 21.135690689086914],
              [107.392906188965128, 21.137639999389762],
              [107.39263916015625, 21.137639999389762],
              [107.39263916015625, 21.139310836792106],
              [107.392356872558707, 21.139310836792106],
              [107.392364501953239, 21.139860153198299],
              [107.392082214355526, 21.139860153198299],
              [107.392082214355526, 21.140140533447266],
              [107.391807556152287, 21.140140533447266],
              [107.391807556152287, 21.141807556152401],
              [107.391525268554915, 21.141805648803825],
              [107.391525268554915, 21.143472671508732],
              [107.391242980956974, 21.143470764160156],
              [107.391242980956974, 21.144859313964901],
              [107.390975952148494, 21.144859313964901],
              [107.390975952148494, 21.146249771118221],
              [107.390693664550952, 21.146249771118221],
              [107.390693664550952, 21.146804809570426],
              [107.39041900634794, 21.146804809570426],
              [107.39041900634794, 21.147363662719783],
              [107.39013671875, 21.147363662719783],
              [107.39013671875, 21.148168563842773],
              [107.389862060547159, 21.148210525512809],
              [107.389862060547159, 21.151809692382756],
              [107.39013671875, 21.15180778503418],
              [107.39013671875, 21.152082443237362],
              [107.39041900634794, 21.152080535888786],
              [107.390487670898608, 21.152360916137752],
              [107.391242980956974, 21.152360916137752],
              [107.391242980956974, 21.153749465942496],
              [107.391525268554915, 21.153749465942496],
              [107.391525268554915, 21.155971527099609],
              [107.391807556152287, 21.155969619751033],
              [107.391807556152287, 21.156248092651424],
              [107.392082214355526, 21.156248092651424],
              [107.392082214355526, 21.157360076904354],
              [107.392356872558707, 21.157358169555778],
              [107.392356872558707, 21.159309387207031],
              [107.392082214355526, 21.159309387207031],
              [107.392082214355526, 21.160150527954158],
              [107.391807556152287, 21.160150527954158],
              [107.391807556152287, 21.160419464111385],
              [107.391532897949446, 21.160419464111385],
              [107.391532897949446, 21.161529541015739],
              [107.391807556152287, 21.161527633666992],
              [107.391807556152287, 21.162084579467773],
              [107.392082214355526, 21.162084579467773],
              [107.392082214355526, 21.163194656372127],
              [107.391807556152287, 21.163190841674918],
              [107.391807556152287, 21.167360305786133],
              [107.392082214355526, 21.167360305786133],
              [107.392082214355526, 21.168268203735295],
              [107.392082214355526, 21.169027328491268],
              [107.392364501953239, 21.169027328491268],
              [107.392364501953239, 21.169584274292049],
              [107.39263916015625, 21.16958045959484],
              [107.39263916015625, 21.169860839843807],
              [107.392906188965128, 21.169860839843807],
              [107.392906188965128, 21.171531677246151],
              [107.393127441406364, 21.171527862548942],
              [107.393196105957031, 21.17236137390131],
              [107.393753051757983, 21.172359466552734],
              [107.393753051757983, 21.172641754150504],
              [107.394027709960994, 21.172641754150504],
              [107.394027709960994, 21.17289924621582],
              [107.394027709960994, 21.173194885253906],
              [107.394302368164233, 21.173194885253906],
              [107.394302368164233, 21.173749923706055],
              [107.394577026367415, 21.173749923706055],
              [107.394577026367415, 21.174030303955021],
              [107.395141601562557, 21.174028396606445],
              [107.395141601562557, 21.174303054809627],
              [107.396247863769531, 21.174303054809627],
              [107.396247863769531, 21.174581527710018],
              [107.397361755371264, 21.174581527710018],
              [107.397361755371264, 21.174863815307617],
              [107.397918701171818, 21.174860000610408],
              [107.397918701171818, 21.175149917602539],
              [107.398483276367131, 21.175149917602539],
              [107.398483276367131, 21.175420761108342],
              [107.398750305175838, 21.175420761108342],
              [107.398750305175838, 21.177360534668082],
              [107.39902496337919, 21.177360534668082],
              [107.399017333984659, 21.179878234863281],
              [107.399017333984659, 21.181528091430721],
              [107.400405883789233, 21.181528091430721],
              [107.400405883789233, 21.18124961853033],
              [107.401252746582259, 21.18124961853033],
              [107.401252746582259, 21.180959701538086],
              [107.404296875000057, 21.180959701538086],
              [107.404296875000057, 21.18124961853033],
              [107.404861450195369, 21.18124961853033],
              [107.404861450195369, 21.181528091430721],
              [107.405136108398551, 21.181528091430721],
              [107.405136108398551, 21.181804656982536],
              [107.405418395996094, 21.181804656982536],
              [107.405418395996094, 21.181528091430721],
              [107.406250000000284, 21.181528091430721],
              [107.406250000000284, 21.181804656982536],
              [107.406806945800838, 21.181804656982536]
            ]
          ],
          [
            [
              [107.36374664306652, 21.221611022949332],
              [107.36374664306652, 21.221250534057617],
              [107.364028930664062, 21.221250534057617],
              [107.363937377929801, 21.220981597900391],
              [107.364028930664062, 21.220693588256893],
              [107.365417480468807, 21.220693588256893],
              [107.365417480468807, 21.220972061157227],
              [107.365692138672046, 21.220970153808651],
              [107.365692138672046, 21.221250534057617],
              [107.366966247558878, 21.221250534057617],
              [107.367919921875284, 21.221250534057617],
              [107.367919921875284, 21.221530914306584],
              [107.369026184082259, 21.221530914306584],
              [107.369026184082259, 21.221250534057617],
              [107.370407104492472, 21.221250534057617],
              [107.370407104492472, 21.220970153808651],
              [107.370697021484375, 21.220972061157227],
              [107.370697021484375, 21.220693588256893],
              [107.370964050293253, 21.220693588256893],
              [107.370971679687784, 21.220138549804688],
              [107.371063232421875, 21.220138549804688],
              [107.371246337890796, 21.220140457153263],
              [107.371246337890796, 21.21903038024908],
              [107.371528625488338, 21.21903038024908],
              [107.371528625488338, 21.218469619750977],
              [107.371246337890796, 21.218471527099553],
              [107.371246337890796, 21.215692520141658],
              [107.370971679687784, 21.215692520141658],
              [107.370971679687784, 21.214582443237305],
              [107.370697021484375, 21.214582443237305],
              [107.370697021484375, 21.213752746582145],
              [107.370407104492472, 21.213752746582145],
              [107.370407104492472, 21.213190078735408],
              [107.370140075683651, 21.213193893432617],
              [107.370140075683651, 21.212917327880973],
              [107.369857788086051, 21.212921142578182],
              [107.369857788086051, 21.212642669677791],
              [107.369659423828239, 21.212642669677791],
              [107.369583129882869, 21.212642669677791],
              [107.369583129882869, 21.212459564209041],
              [107.369583129882869, 21.212360382080192],
              [107.369308471679631, 21.212360382080192],
              [107.369308471679631, 21.211811065673828],
              [107.369026184082259, 21.211811065673828],
              [107.369026184082259, 21.211532592773438],
              [107.368751525879077, 21.211532592773438],
              [107.368751525879077, 21.211259841919002],
              [107.368469238281307, 21.211259841919002],
              [107.368469238281307, 21.210971832275447],
              [107.368194580078296, 21.210971832275447],
              [107.368194580078296, 21.21069526672369],
              [107.367637634277344, 21.210702896118221],
              [107.367637634277344, 21.210418701171875],
              [107.367362976074503, 21.210418701171875],
              [107.367362976074503, 21.209577560424805],
              [107.367080688476562, 21.20958328247076],
              [107.367080688476562, 21.208749771118164],
              [107.367637634277344, 21.208749771118164],
              [107.367637634277344, 21.209028244018555],
              [107.367919921875284, 21.209028244018555],
              [107.367919921875284, 21.20958328247076],
              [107.368194580078296, 21.20958328247076],
              [107.368194580078296, 21.209861755371094],
              [107.368644714355696, 21.209859848022518],
              [107.367843627929688, 21.207399368286133],
              [107.367698669433651, 21.206819534301758],
              [107.36734771728544, 21.205263137817326],
              [107.36716461181669, 21.204807281494141],
              [107.36688232421875, 21.204135894775504],
              [107.366424560546989, 21.202739715576229],
              [107.366195678711222, 21.201719284057731],
              [107.365951538085994, 21.196292877197379],
              [107.365653991699332, 21.193714141845703],
              [107.365882873535327, 21.192316055297852],
              [107.366127014160156, 21.191635131836051],
              [107.367599487304858, 21.189250946045036],
              [107.367637634277344, 21.189180374145565],
              [107.367637634277344, 21.189029693603572],
              [107.367362976074503, 21.189029693603572],
              [107.367362976074503, 21.187919616699219],
              [107.367637634277344, 21.187919616699219],
              [107.367637634277344, 21.186809539794865],
              [107.367919921875284, 21.186809539794865],
              [107.367919921875284, 21.186531066894474],
              [107.368186950683764, 21.186531066894474],
              [107.368186950683764, 21.186252593994141],
              [107.368469238281307, 21.186252593994141],
              [107.368469238281307, 21.185970306396541],
              [107.368751525879077, 21.185970306396541],
              [107.368751525879077, 21.185417175292969],
              [107.369026184082259, 21.185422897338924],
              [107.369026184082259, 21.185142517089957],
              [107.369583129882869, 21.185142517089957],
              [107.369583129882869, 21.184860229492188],
              [107.369857788086051, 21.184860229492188],
              [107.369857788086051, 21.183200836181641],
              [107.369583129882869, 21.183200836181641],
              [107.369583129882869, 21.182359695434684],
              [107.369308471679631, 21.18236160278326],
              [107.369308471679631, 21.181804656982536],
              [107.370697021484375, 21.181804656982536],
              [107.370697021484375, 21.182083129882926],
              [107.370971679687784, 21.182083129882926],
              [107.370971679687784, 21.18236160278326],
              [107.371246337890796, 21.182359695434684],
              [107.371246337890796, 21.182638168335075],
              [107.371803283691577, 21.182638168335075],
              [107.371803283691577, 21.182918548584041],
              [107.372360229492131, 21.182918548584041],
              [107.372360229492131, 21.183200836181641],
              [107.372642517090071, 21.183195114135856],
              [107.372642517090071, 21.183471679687443],
              [107.374580383300838, 21.183471679687443],
              [107.374580383300838, 21.183195114135856],
              [107.375686645507869, 21.183200836181641],
              [107.375686645507869, 21.182918548584041],
              [107.376808166503906, 21.182918548584041],
              [107.376808166503906, 21.182638168335075],
              [107.377082824707315, 21.182638168335075],
              [107.377082824707315, 21.182359695434684],
              [107.377914428711108, 21.18236160278326],
              [107.377914428711108, 21.182083129882926],
              [107.380142211914347, 21.182083129882926],
              [107.380142211914347, 21.180416107177791],
              [107.379859924316406, 21.180419921874943],
              [107.379859924316406, 21.180139541625977],
              [107.379585266113395, 21.180139541625977],
              [107.379585266113395, 21.179861068725586],
              [107.379302978515682, 21.179861068725586],
              [107.379302978515682, 21.179580688476619],
              [107.379028320312443, 21.179582595825195],
              [107.379028320312443, 21.179027557373047],
              [107.378753662109602, 21.179027557373047],
              [107.378753662109602, 21.178749084472656],
              [107.378501892089844, 21.178705215454215],
              [107.378410339355753, 21.178472518920842],
              [107.378196716308651, 21.178472518920842],
              [107.378196716308651, 21.178195953369254],
              [107.377639770508097, 21.178195953369254],
              [107.377639770508097, 21.177917480468864],
              [107.377082824707315, 21.17791938781744],
              [107.377082824707315, 21.177640914917049],
              [107.376808166503906, 21.177640914917049],
              [107.376792907714844, 21.177080154418945],
              [107.376525878906364, 21.177085876464901],
              [107.376487731933651, 21.17680740356451],
              [107.376243591308651, 21.176757812500114],
              [107.376251220703182, 21.176525115966797],
              [107.375968933105412, 21.176530838012695],
              [107.375968933105412, 21.175970077514762],
              [107.376251220703182, 21.175973892211971],
              [107.376251220703182, 21.17569541931158],
              [107.377082824707315, 21.17569541931158],
              [107.377082824707315, 21.175973892211971],
              [107.377639770508097, 21.175970077514762],
              [107.377639770508097, 21.176250457763729],
              [107.377906799316577, 21.176250457763729],
              [107.377906799316577, 21.176811218261719],
              [107.378196716308651, 21.176805496215934],
              [107.378196716308651, 21.177085876464901],
              [107.378471374511889, 21.177080154418945],
              [107.378471374511889, 21.177360534668082],
              [107.378746032715071, 21.177360534668082],
              [107.378746032715071, 21.177640914917049],
              [107.379302978515682, 21.177640914917049],
              [107.379302978515682, 21.17791938781744],
              [107.379859924316406, 21.177917480468864],
              [107.379859924316406, 21.178195953369254],
              [107.380416870117188, 21.178195953369254],
              [107.380416870117188, 21.178472518920842],
              [107.380691528320597, 21.178470611572266],
              [107.380691528320597, 21.178750991821232],
              [107.380966186523608, 21.178750991821232],
              [107.380966186523608, 21.179029464721793],
              [107.381248474121151, 21.179029464721793],
              [107.381248474121151, 21.17930984497076],
              [107.381530761718921, 21.179307937622184],
              [107.381530761718921, 21.179580688476619],
              [107.382049560547159, 21.179590225219783],
              [107.382080078124943, 21.179861068725586],
              [107.382637023925895, 21.179861068725586],
              [107.382637023925895, 21.180139541625977],
              [107.383468627929688, 21.180139541625977],
              [107.383468627929688, 21.180419921874943],
              [107.383750915527628, 21.180419921874943],
              [107.383750915527628, 21.180139541625977],
              [107.384307861328182, 21.180139541625977],
              [107.384307861328182, 21.179861068725586],
              [107.39013671875, 21.179861068725586],
              [107.39013671875, 21.180139541625977],
              [107.39041900634794, 21.180139541625977],
              [107.39041900634794, 21.180419921874943],
              [107.391525268554915, 21.180416107177791],
              [107.391525268554915, 21.180694580078182],
              [107.392082214355526, 21.180694580078182],
              [107.392082214355526, 21.180973052978572],
              [107.392906188965128, 21.180959701538086],
              [107.392906188965128, 21.18124961853033],
              [107.393196105957031, 21.18124961853033],
              [107.393196105957031, 21.181528091430721],
              [107.393753051757983, 21.181528091430721],
              [107.393753051757983, 21.181804656982536],
              [107.394302368164233, 21.181804656982536],
              [107.394302368164233, 21.182083129882926],
              [107.394584655761946, 21.182083129882926],
              [107.394584655761946, 21.181804656982536],
              [107.395141601562557, 21.181804656982536],
              [107.395141601562557, 21.181528091430721],
              [107.395416259765739, 21.181528091430721],
              [107.395416259765739, 21.18124961853033],
              [107.396247863769531, 21.18124961853033],
              [107.396247863769531, 21.180959701538086],
              [107.396804809570483, 21.180973052978572],
              [107.396804809570483, 21.180139541625977],
              [107.397087097168026, 21.180139541625977],
              [107.397087097168026, 21.178750991821232],
              [107.396797180175952, 21.178750991821232],
              [107.396797180175952, 21.178190231323299],
              [107.397087097168026, 21.178195953369254],
              [107.397087097168026, 21.177917480468864],
              [107.396797180175952, 21.17791938781744],
              [107.396797180175952, 21.177360534668082],
              [107.396530151367472, 21.177360534668082],
              [107.396530151367472, 21.177080154418945],
              [107.396247863769531, 21.177085876464901],
              [107.396247863769531, 21.176805496215934],
              [107.39597320556669, 21.176811218261719],
              [107.39597320556669, 21.176250457763729],
              [107.39569091796875, 21.176250457763729],
              [107.39569091796875, 21.175701141357536],
              [107.395416259765739, 21.175689697265625],
              [107.395416259765739, 21.17541694641119],
              [107.394866943359318, 21.175420761108342],
              [107.394859313964787, 21.175149917602539],
              [107.394577026367415, 21.175149917602539],
              [107.394577026367415, 21.174860000610408],
              [107.394027709960994, 21.174863815307617],
              [107.394027709960994, 21.174581527710018],
              [107.393196105957031, 21.174581527710018],
              [107.393196105957031, 21.174303054809627],
              [107.392913818359659, 21.174303054809627],
              [107.392913818359659, 21.174028396606445],
              [107.392356872558707, 21.174030303955021],
              [107.392356872558707, 21.173749923706055],
              [107.392082214355526, 21.173749923706055],
              [107.392082214355526, 21.173191070556697],
              [107.391807556152287, 21.173194885253906],
              [107.391807556152287, 21.17236137390131],
              [107.391525268554915, 21.17236137390131],
              [107.391525268554915, 21.171249389648551],
              [107.391242980956974, 21.171249389648551],
              [107.391242980956974, 21.170690536499023],
              [107.390975952148494, 21.170694351196403],
              [107.390975952148494, 21.170139312744197],
              [107.390686035156421, 21.170139312744197],
              [107.390686035156421, 21.169311523437614],
              [107.39041900634794, 21.169311523437614],
              [107.39041900634794, 21.168470382690487],
              [107.39013671875, 21.168472290039062],
              [107.39013671875, 21.167917251586914],
              [107.389862060547159, 21.167919158935661],
              [107.389862060547159, 21.165700912475586],
              [107.389579772949219, 21.165700912475586],
              [107.389579772949219, 21.165140151977596],
              [107.389312744140739, 21.165140151977596],
              [107.389312744140739, 21.162080764770565],
              [107.389579772949219, 21.162084579467773],
              [107.389579772949219, 21.160139083862418],
              [107.389312744140739, 21.160150527954158],
              [107.389312744140739, 21.159580230712891],
              [107.389030456543026, 21.159582138061467],
              [107.389030456543026, 21.159027099609489],
              [107.388748168945256, 21.159032821655273],
              [107.388748168945256, 21.158750534057674],
              [107.388465881347713, 21.158750534057674],
              [107.388465881347713, 21.157079696655387],
              [107.388191223144474, 21.157083511352596],
              [107.388191223144474, 21.156528472900391],
              [107.387916564941463, 21.156528472900391],
              [107.387916564941463, 21.156248092651424],
              [107.387641906738452, 21.156248092651424],
              [107.387641906738452, 21.155418395996207],
              [107.387359619140682, 21.155418395996207],
              [107.387359619140682, 21.153470993042106],
              [107.3870849609375, 21.153472900390739],
              [107.3870849609375, 21.152360916137752],
              [107.387359619140682, 21.152360916137752],
              [107.387359619140682, 21.151809692382756],
              [107.388473510742415, 21.15180778503418],
              [107.388473510742415, 21.152082443237362],
              [107.388748168945256, 21.152082443237362],
              [107.388748168945256, 21.153472900390739],
              [107.389030456543026, 21.153470993042106],
              [107.389030456543026, 21.154308319091854],
              [107.389305114746207, 21.154306411743278],
              [107.389305114746207, 21.154582977294865],
              [107.389862060547159, 21.154582977294865],
              [107.389862060547159, 21.152917861938533],
              [107.389579772949219, 21.152919769287109],
              [107.389579772949219, 21.152639389038143],
              [107.389305114746207, 21.152639389038143],
              [107.389305114746207, 21.152360916137752],
              [107.389030456543026, 21.152360916137752],
              [107.389030456543026, 21.151809692382756],
              [107.388748168945256, 21.151809692382756],
              [107.388748168945256, 21.151531219482365],
              [107.388465881347713, 21.151531219482365],
              [107.388465881347713, 21.151250839233398],
              [107.387916564941463, 21.151250839233398],
              [107.387916564941463, 21.150690078735465],
              [107.387641906738452, 21.15069580078125],
              [107.387641906738452, 21.149860382080078],
              [107.387916564941463, 21.149860382080078],
              [107.387916564941463, 21.148469924926758],
              [107.387641906738452, 21.148473739624137],
              [107.387641906738452, 21.147081375122184],
              [107.387359619140682, 21.147081375122184],
              [107.387359619140682, 21.146804809570426],
              [107.3870849609375, 21.146804809570426],
              [107.3870849609375, 21.14597129821783],
              [107.386802673340128, 21.14597129821783],
              [107.386802673340128, 21.144027709960938],
              [107.387077331543139, 21.144031524658317],
              [107.387077331543139, 21.143749237060547],
              [107.387359619140682, 21.143749237060547],
              [107.387359619140682, 21.14319038391119],
              [107.387580871582315, 21.143194198608398],
              [107.387641906738452, 21.142791748046989],
              [107.387695312500057, 21.142360687255973],
              [107.387916564941463, 21.142360687255973],
              [107.387916564941463, 21.141807556152401],
              [107.388175964355412, 21.141807556152401],
              [107.388175964355412, 21.141250610351619],
              [107.388465881347713, 21.141250610351619],
              [107.388465881347713, 21.140420913696232],
              [107.388748168945256, 21.140420913696232],
              [107.388748168945256, 21.140140533447266],
              [107.389030456543026, 21.140140533447266],
              [107.389030456543026, 21.139310836792106],
              [107.389312744140739, 21.139310836792106],
              [107.389312744140739, 21.139038085937443],
              [107.389579772949219, 21.139038085937443],
              [107.389579772949219, 21.138750076293945],
              [107.389862060547159, 21.138750076293945],
              [107.389862060547159, 21.137920379638729],
              [107.39013671875, 21.137920379638729],
              [107.39013671875, 21.137359619140625],
              [107.39041900634794, 21.137361526489201],
              [107.39041900634794, 21.13708305358881],
              [107.390693664550952, 21.13708305358881],
              [107.390693664550952, 21.136806488037223],
              [107.390975952148494, 21.136800765991268],
              [107.390975952148494, 21.136249542236442],
              [107.391242980956974, 21.136249542236442],
              [107.391242980956974, 21.135419845581055],
              [107.390975952148494, 21.135419845581055],
              [107.390975952148494, 21.130138397216911],
              [107.391242980956974, 21.130138397216911],
              [107.391242980956974, 21.129579544067383],
              [107.390975952148494, 21.129583358764762],
              [107.390975952148494, 21.129304885864371],
              [107.390693664550952, 21.129304885864371],
              [107.390625000000284, 21.129028320312557],
              [107.39013671875, 21.129028320312557],
              [107.39013671875, 21.127639770507812],
              [107.39041900634794, 21.127639770507812],
              [107.39041900634794, 21.127080917358455],
              [107.39013671875, 21.127082824707031],
              [107.39013671875, 21.126527786254883],
              [107.389862060547159, 21.126529693603629],
              [107.389778137207031, 21.126251220703068],
              [107.388748168945256, 21.126251220703068],
              [107.388748168945256, 21.125970840454102],
              [107.388473510742415, 21.125972747802678],
              [107.388473510742415, 21.1254177093507],
              [107.388175964355412, 21.125419616699276],
              [107.388175964355412, 21.124860763549918],
              [107.387916564941463, 21.124860763549918],
              [107.387916564941463, 21.124580383300781],
              [107.387641906738452, 21.124584197998161],
              [107.387641906738452, 21.124027252197379],
              [107.387359619140682, 21.124040603637695],
              [107.387359619140682, 21.123750686645565],
              [107.387077331543139, 21.123750686645565],
              [107.387077331543139, 21.123470306396598],
              [107.386802673340128, 21.123472213745174],
              [107.386802673340128, 21.123195648193416],
              [107.386589050293026, 21.123195648193416],
              [107.386528015136719, 21.122917175293026],
              [107.386253356933707, 21.122917175293026],
              [107.386253356933707, 21.122638702392635],
              [107.385971069335994, 21.122638702392635],
              [107.385971069335994, 21.122085571289062],
              [107.385696411132756, 21.122085571289062],
              [107.385696411132756, 21.121528625488281],
              [107.385406494140682, 21.121530532836857],
              [107.385406494140682, 21.121250152587891],
              [107.385139465331974, 21.121250152587891],
              [107.385139465331974, 21.120700836181697],
              [107.384857177734602, 21.120700836181697],
              [107.384857177734602, 21.120140075683707],
              [107.384582519531421, 21.120140075683707],
              [107.384582519531421, 21.119302749633789],
              [107.384307861328182, 21.119304656982422],
              [107.384307861328182, 21.118471145629996],
              [107.384025573730639, 21.118471145629996],
              [107.384025573730639, 21.117359161377067],
              [107.384307861328182, 21.117359161377067],
              [107.384307861328182, 21.117080688476676],
              [107.384864807128963, 21.117082595825252],
              [107.384864807128963, 21.116806030273494],
              [107.385139465331974, 21.11681175231945],
              [107.385139465331974, 21.116531372070256],
              [107.385406494140682, 21.116531372070256],
              [107.385406494140682, 21.115690231323356],
              [107.385696411132756, 21.115694046020565],
              [107.385696411132756, 21.114860534667969],
              [107.385971069335994, 21.114860534667969],
              [107.385971069335994, 21.114028930664176],
              [107.385696411132756, 21.114030838012752],
              [107.385696411132756, 21.113201141357422],
              [107.385406494140682, 21.113189697265682],
              [107.385414123535213, 21.112918853759822],
              [107.385139465331974, 21.112920761108398],
              [107.385139465331974, 21.112640380859432],
              [107.384857177734602, 21.112640380859432],
              [107.384857177734602, 21.112360000610465],
              [107.384307861328182, 21.112361907959041],
              [107.384307861328182, 21.111806869506893],
              [107.383750915527628, 21.111810684204045],
              [107.383750915527628, 21.111249923706112],
              [107.383468627929688, 21.111249923706112],
              [107.383468627929688, 21.108749389648438],
              [107.383186340332315, 21.108749389648438],
              [107.383186340332315, 21.108470916748047],
              [107.382919311523494, 21.108474731445426],
              [107.382919311523494, 21.108192443847656],
              [107.382637023925895, 21.108192443847656],
              [107.382637023925895, 21.107915878295898],
              [107.382369995117415, 21.107919692993221],
              [107.382369995117415, 21.107362747192496],
              [107.382080078124943, 21.107362747192496],
              [107.382080078124943, 21.106809616088867],
              [107.381813049316463, 21.106809616088867],
              [107.381813049316463, 21.106252670288143],
              [107.381530761718921, 21.106252670288143],
              [107.381530761718921, 21.105970382690543],
              [107.381248474121151, 21.105970382690543],
              [107.381248474121151, 21.104583740234432],
              [107.380416870117188, 21.104583740234432],
              [107.380416870117188, 21.104028701782227],
              [107.379127502441634, 21.104032516479606],
              [107.379028320312443, 21.10374832153326],
              [107.378746032715071, 21.10374832153326],
              [107.378746032715071, 21.103469848632869],
              [107.378471374511889, 21.103471755981445],
              [107.378471374511889, 21.103195190429688],
              [107.378242492675895, 21.103197097778434],
              [107.378196716308651, 21.102359771728516],
              [107.377639770508097, 21.102361679077092],
              [107.377639770508097, 21.102083206176701],
              [107.377082824707315, 21.102083206176701],
              [107.377082824707315, 21.101804733276367],
              [107.376808166503906, 21.101804733276367],
              [107.376808166503906, 21.101249694824332],
              [107.376525878906364, 21.101249694824332],
              [107.376525878906364, 21.100971221923942],
              [107.376251220703182, 21.100973129272575],
              [107.376251220703182, 21.100694656372184],
              [107.375968933105412, 21.100694656372184],
              [107.375968933105412, 21.100416183471793],
              [107.375419616699389, 21.100418090820369],
              [107.375419616699389, 21.099870681762752],
              [107.375137329101619, 21.099870681762752],
              [107.375137329101619, 21.099309921264592],
              [107.374862670898608, 21.099309921264592],
              [107.374862670898608, 21.098470687866268],
              [107.374580383300838, 21.098472595214844],
              [107.374580383300838, 21.097917556762695],
              [107.374313354492188, 21.097919464111442],
              [107.374313354492188, 21.097360610961914],
              [107.374031066894815, 21.097360610961914],
              [107.374031066894815, 21.096530914306697],
              [107.374862670898608, 21.096530914306697],
              [107.374862670898608, 21.096250534057731],
              [107.375137329101619, 21.096250534057731],
              [107.375137329101619, 21.095689773559627],
              [107.374862670898608, 21.095695495605582],
              [107.374862670898608, 21.094863891601619],
              [107.374580383300838, 21.094863891601619],
              [107.374580383300838, 21.09458160400402],
              [107.373199462890682, 21.094579696655273],
              [107.373199462890682, 21.095140457153377],
              [107.372917175292912, 21.095140457153377],
              [107.372917175292912, 21.095420837402344],
              [107.372642517090071, 21.095417022705192],
              [107.372642517090071, 21.095695495605582],
              [107.372360229492131, 21.095695495605582],
              [107.372360229492131, 21.097085952758903],
              [107.372085571289119, 21.097085952758903],
              [107.372093200683651, 21.097360610961914],
              [107.371803283691577, 21.097360610961914],
              [107.371803283691577, 21.097640991210881],
              [107.371528625488338, 21.097640991210881],
              [107.371528625488338, 21.097919464111442],
              [107.371246337890796, 21.097917556762695],
              [107.371246337890796, 21.09819412231451],
              [107.370971679687784, 21.09819412231451],
              [107.370971679687784, 21.098472595214844],
              [107.370697021484375, 21.098470687866268],
              [107.370697021484375, 21.098751068115234],
              [107.370407104492472, 21.098751068115234],
              [107.370407104492472, 21.099029541015625],
              [107.369857788086051, 21.099029541015625],
              [107.369857788086051, 21.099309921264592],
              [107.369583129882869, 21.099309921264592],
              [107.369583129882869, 21.099870681762752],
              [107.369308471679631, 21.099870681762752],
              [107.369308471679631, 21.100139617919979],
              [107.369026184082259, 21.100139617919979],
              [107.369026184082259, 21.100694656372184],
              [107.368469238281307, 21.100694656372184],
              [107.368469238281307, 21.100973129272575],
              [107.368194580078296, 21.100973129272575],
              [107.368194580078296, 21.100694656372184],
              [107.367919921875284, 21.100694656372184],
              [107.367919921875284, 21.099679946899471],
              [107.367919921875284, 21.099582672119197],
              [107.367637634277344, 21.099582672119197],
              [107.367637634277344, 21.098749160766658],
              [107.368186950683764, 21.098751068115234],
              [107.368186950683764, 21.098470687866268],
              [107.369026184082259, 21.098472595214844],
              [107.369026184082259, 21.09819412231451],
              [107.369308471679631, 21.09819412231451],
              [107.369308471679631, 21.097917556762695],
              [107.369567871093807, 21.097919464111442],
              [107.369583129882869, 21.097640991210881],
              [107.369743347167969, 21.097640991210881],
              [107.369857788086051, 21.097640991210881],
              [107.369857788086051, 21.097463607788086],
              [107.369857788086051, 21.097080230712947],
              [107.370140075683651, 21.097085952758903],
              [107.370140075683651, 21.097013473510856],
              [107.370140075683651, 21.095695495605582],
              [107.370414733887003, 21.095695495605582],
              [107.370414733887003, 21.095417022705192],
              [107.370697021484375, 21.095420837402344],
              [107.370697021484375, 21.09431076049799],
              [107.370971679687784, 21.09431076049799],
              [107.370971679687784, 21.092641830444279],
              [107.371246337890796, 21.092641830444279],
              [107.371246337890796, 21.092359542846737],
              [107.371803283691577, 21.092363357543945],
              [107.371803283691577, 21.092081069946346],
              [107.372360229492131, 21.092081069946346],
              [107.372360229492131, 21.091527938842773],
              [107.372642517090071, 21.091531753540153],
              [107.372642517090071, 21.091249465942383],
              [107.372917175292912, 21.091249465942383],
              [107.372917175292912, 21.090969085693416],
              [107.373191833496151, 21.090972900390568],
              [107.373191833496151, 21.090415954589844],
              [107.373466491699503, 21.090421676635799],
              [107.373466491699503, 21.089860916137809],
              [107.374031066894815, 21.089860916137809],
              [107.374031066894815, 21.089580535888672],
              [107.374305725097656, 21.089582443237248],
              [107.374305725097656, 21.089305877685661],
              [107.374862670898608, 21.089311599731445],
              [107.374862670898608, 21.089029312133846],
              [107.375137329101619, 21.089029312133846],
              [107.375137329101619, 21.088188171386776],
              [107.375419616699389, 21.088193893432731],
              [107.375419616699389, 21.087917327880916],
              [107.375968933105412, 21.087930679321403],
              [107.375968933105412, 21.087640762329102],
              [107.376808166503906, 21.087640762329102],
              [107.376808166503906, 21.087360382080135],
              [107.377082824707315, 21.087360382080135],
              [107.377082824707315, 21.087080001831168],
              [107.377357482910156, 21.087083816528377],
              [107.377357482910156, 21.086250305175781],
              [107.377082824707315, 21.086250305175781],
              [107.377082824707315, 21.085140228271598],
              [107.376525878906364, 21.085140228271598],
              [107.376525878906364, 21.084869384765568],
              [107.376235961914062, 21.084869384765568],
              [107.376235961914062, 21.084030151367244],
              [107.375419616699389, 21.084030151367244],
              [107.375419616699389, 21.083749771118278],
              [107.374374389648494, 21.083749771118278],
              [107.374305725097656, 21.083471298217887],
              [107.373748779296875, 21.083471298217887],
              [107.373748779296875, 21.083196640014705],
              [107.372917175292912, 21.083196640014705],
              [107.372917175292912, 21.082916259765739],
              [107.372360229492131, 21.082920074462891],
              [107.372360229492131, 21.082639694213924],
              [107.372093200683651, 21.082639694213924],
              [107.372093200683651, 21.082920074462891],
              [107.371841430664062, 21.082916259765739],
              [107.370697021484375, 21.082916259765739],
              [107.370697021484375, 21.083196640014705],
              [107.370414733887003, 21.083196640014705],
              [107.370414733887003, 21.083471298217887],
              [107.368751525879077, 21.083471298217887],
              [107.368751525879077, 21.083196640014705],
              [107.368194580078296, 21.083196640014705],
              [107.368194580078296, 21.082916259765739],
              [107.367156982422159, 21.082918167114315],
              [107.36669921875, 21.082918167114315],
              [107.366577148437784, 21.082981109619197],
              [107.366516113281307, 21.082639694213924],
              [107.366249084472599, 21.082639694213924],
              [107.366249084472599, 21.082361221313533],
              [107.365135192871264, 21.082361221313533],
              [107.365135192871264, 21.082084655761776],
              [107.364860534668253, 21.082084655761776],
              [107.364860534668253, 21.081806182861385],
              [107.364585876464844, 21.081806182861385],
              [107.364585876464844, 21.081249237060604],
              [107.36429595947294, 21.08125114440918],
              [107.36429595947294, 21.080970764160213],
              [107.364028930664062, 21.080974578857422],
              [107.364028930664062, 21.080417633056641],
              [107.36374664306652, 21.080419540405387],
              [107.36374664306652, 21.079309463501033],
              [107.363471984863338, 21.079309463501033],
              [107.363471984863338, 21.078739166259822],
              [107.363197326660099, 21.078752517700309],
              [107.363197326660099, 21.078193664550724],
              [107.362915039062727, 21.078193664550724],
              [107.362915039062727, 21.077917098999137],
              [107.362640380859546, 21.077922821044922],
              [107.362640380859546, 21.077642440795955],
              [107.362358093261776, 21.077642440795955],
              [107.362358093261776, 21.077360153198356],
              [107.361808776855753, 21.077360153198356],
              [107.361808776855753, 21.077083587646598],
              [107.360969543457031, 21.077083587646598],
              [107.360969543457031, 21.077360153198356],
              [107.360420227050838, 21.077360153198356],
              [107.360420227050838, 21.077083587646598],
              [107.359306335449276, 21.077083587646598],
              [107.359306335449276, 21.076805114746207],
              [107.359024047851733, 21.076805114746207],
              [107.359024047851733, 21.077083587646598],
              [107.35819244384794, 21.077083587646598],
              [107.35819244384794, 21.076805114746207],
              [107.357917785644531, 21.076810836791935],
              [107.357917785644531, 21.076528549194393],
              [107.356529235839787, 21.076528549194393],
              [107.356529235839787, 21.075700759887809],
              [107.357086181640568, 21.075700759887809],
              [107.357086181640568, 21.075418472290039],
              [107.357917785644531, 21.075418472290039],
              [107.357917785644531, 21.075700759887809],
              [107.359306335449276, 21.075700759887809],
              [107.359306335449276, 21.075418472290039],
              [107.359580993652287, 21.075418472290039],
              [107.359580993652287, 21.074581146240291],
              [107.359863281250227, 21.074583053588867],
              [107.359863281250227, 21.073749542236328],
              [107.361259460449503, 21.073749542236328],
              [107.361259460449503, 21.074029922485465],
              [107.361526489257812, 21.074026107788143],
              [107.361526489257812, 21.074861526489258],
              [107.362083435058764, 21.074861526489258],
              [107.362083435058764, 21.073749542236328],
              [107.362358093261776, 21.073749542236328],
              [107.362358093261776, 21.071250915527401],
              [107.361808776855753, 21.071250915527401],
              [107.361808776855753, 21.070421218872013],
              [107.362907409668026, 21.070421218872013],
              [107.362907409668026, 21.070140838623047],
              [107.363197326660099, 21.070140838623047],
              [107.363197326660099, 21.06986045837408],
              [107.363471984863338, 21.06986045837408],
              [107.363471984863338, 21.070140838623047],
              [107.364585876464844, 21.070140838623047],
              [107.364585876464844, 21.06986045837408],
              [107.365417480468807, 21.06986045837408],
              [107.365417480468807, 21.069311141967887],
              [107.365692138672046, 21.069311141967887],
              [107.365692138672046, 21.069030761718693],
              [107.365966796875227, 21.069030761718693],
              [107.365966796875227, 21.06847000122076],
              [107.366249084472599, 21.068473815917969],
              [107.366249084472599, 21.067638397216797],
              [107.366531372070369, 21.067640304565543],
              [107.366531372070369, 21.064031600952092],
              [107.366806030273551, 21.064031600952092],
              [107.366806030273551, 21.062921524047965],
              [107.367073059082031, 21.062921524047965],
              [107.367073059082031, 21.062360763549805],
              [107.367362976074503, 21.062360763549805],
              [107.367362976074503, 21.062080383300838],
              [107.367080688476562, 21.062084197998047],
              [107.367080688476562, 21.061805725097656],
              [107.366531372070369, 21.061807632446403],
              [107.366531372070369, 21.061529159546012],
              [107.366249084472599, 21.061529159546012],
              [107.366249084472599, 21.061283111572379],
              [107.365417480468807, 21.061250686645621],
              [107.365417480468807, 21.060699462890625],
              [107.365692138672046, 21.060699462890625],
              [107.365692138672046, 21.060140609741268],
              [107.365966796875227, 21.060140609741268],
              [107.365966796875227, 21.059579849243164],
              [107.367080688476562, 21.059583663940543],
              [107.367080688476562, 21.059305191040153],
              [107.367362976074503, 21.059310913085881],
              [107.367362976074503, 21.059030532836914],
              [107.367637634277344, 21.059030532836914],
              [107.367637634277344, 21.058750152587947],
              [107.367919921875284, 21.058750152587947],
              [107.367919921875284, 21.058200836181754],
              [107.367637634277344, 21.058200836181754],
              [107.367637634277344, 21.05792045593256],
              [107.367919921875284, 21.05792045593256],
              [107.367919921875284, 21.055971145629883],
              [107.368194580078296, 21.055973052978459],
              [107.368194580078296, 21.055694580078125],
              [107.368469238281307, 21.055694580078125],
              [107.368469238281307, 21.0548610687257],
              [107.368751525879077, 21.0548610687257],
              [107.368751525879077, 21.054029464721737],
              [107.368469238281307, 21.054029464721737],
              [107.368469238281307, 21.053190231323242],
              [107.368194580078296, 21.053192138671989],
              [107.368194580078296, 21.052639007568416],
              [107.367919921875284, 21.052642822265625],
              [107.367919921875284, 21.052360534668026],
              [107.367637634277344, 21.052360534668026],
              [107.367637634277344, 21.052080154419059],
              [107.367362976074503, 21.052082061767635],
              [107.367362976074503, 21.051527023315487],
              [107.367073059082031, 21.051532745361442],
              [107.367073059082031, 21.051250457763672],
              [107.366806030273551, 21.051250457763672],
              [107.366806030273551, 21.050970077514705],
              [107.366531372070369, 21.050970077514705],
              [107.366531372070369, 21.050695419311523],
              [107.365966796875227, 21.050691604614315],
              [107.365974426269759, 21.050416946411133],
              [107.366249084472599, 21.050422668457088],
              [107.366249084472599, 21.050138473510742],
              [107.365966796875227, 21.050138473510742],
              [107.365966796875227, 21.049579620361385],
              [107.366531372070369, 21.049583435058537],
              [107.366531372070369, 21.049028396606559],
              [107.366806030273551, 21.049028396606559],
              [107.366806030273551, 21.047080993652457],
              [107.365974426269759, 21.047082901001033],
              [107.365974426269759, 21.046806335449276],
              [107.365692138672046, 21.046808242797852],
              [107.365692138672046, 21.046249389648494],
              [107.365417480468807, 21.046249389648494],
              [107.365417480468807, 21.045970916748104],
              [107.365135192871264, 21.04597282409668],
              [107.365135192871264, 21.045417785644531],
              [107.364860534668253, 21.045419692993278],
              [107.364860534668253, 21.044580459594783],
              [107.364585876464844, 21.044584274291992],
              [107.364585876464844, 21.044027328491211],
              [107.36429595947294, 21.044031143188533],
              [107.36429595947294, 21.042360305786246],
              [107.364028930664062, 21.042360305786246],
              [107.364028930664062, 21.042079925537109],
              [107.36374664306652, 21.042085647583065],
              [107.36374664306652, 21.041803359985295],
              [107.363471984863338, 21.041810989379826],
              [107.363471984863338, 21.040420532226506],
              [107.36374664306652, 21.040420532226506],
              [107.36374664306652, 21.039590835571346],
              [107.364028930664062, 21.039590835571346],
              [107.364028930664062, 21.039030075073356],
              [107.36429595947294, 21.039030075073356],
              [107.36429595947294, 21.038749694824219],
              [107.364585876464844, 21.038749694824219],
              [107.364585876464844, 21.038469314575252],
              [107.364860534668253, 21.038471221923828],
              [107.364860534668253, 21.037641525268612],
              [107.365142822265796, 21.037641525268612],
              [107.365135192871264, 21.036806106567496],
              [107.366531372070369, 21.036806106567496],
              [107.366531372070369, 21.037082672119084],
              [107.366806030273551, 21.037082672119084],
              [107.366806030273551, 21.03819465637207],
              [107.367362976074503, 21.03819465637207],
              [107.367362976074503, 21.037641525268612],
              [107.367637634277344, 21.037641525268612],
              [107.367637634277344, 21.037080764770508],
              [107.367919921875284, 21.037082672119084],
              [107.367919921875284, 21.035972595214901],
              [107.368194580078296, 21.035972595214901],
              [107.368194580078296, 21.034305572509822],
              [107.368469238281307, 21.034307479858398],
              [107.368469238281307, 21.033750534057617],
              [107.368751525879077, 21.033750534057617],
              [107.368751525879077, 21.033470153808651],
              [107.369026184082259, 21.033472061157227],
              [107.369026184082259, 21.032918930053825],
              [107.369308471679631, 21.032920837402401],
              [107.369308471679631, 21.032640457153434],
              [107.369583129882869, 21.032640457153434],
              [107.369583129882869, 21.032360076904297],
              [107.369857788086051, 21.032361984252873],
              [107.369857788086051, 21.032083511352482],
              [107.370140075683651, 21.032083511352482],
              [107.370140075683651, 21.031806945800895],
              [107.370407104492472, 21.031810760498047],
              [107.370407104492472, 21.03153038024908],
              [107.370697021484375, 21.03153038024908],
              [107.370697021484375, 21.030969619750977],
              [107.370971679687784, 21.030971527099723],
              [107.370971679687784, 21.030696868896541],
              [107.371246337890796, 21.030696868896541],
              [107.371246337890796, 21.030138015747184],
              [107.371528625488338, 21.03013992309576],
              [107.371528625488338, 21.029859542846793],
              [107.371803283691577, 21.029861450195369],
              [107.371803283691577, 21.029584884643612],
              [107.372085571289119, 21.029584884643612],
              [107.372085571289119, 21.02902793884283],
              [107.372360229492131, 21.029029846191406],
              [107.372360229492131, 21.02874946594244],
              [107.372085571289119, 21.02874946594244],
              [107.372085571289119, 21.028192520141658],
              [107.371803283691577, 21.028192520141658],
              [107.371803283691577, 21.027914047241268],
              [107.371528625488338, 21.027919769287223],
              [107.371528625488338, 21.027650833129996],
              [107.371803283691577, 21.027650833129996],
              [107.371803283691577, 21.027080535888729],
              [107.373191833496151, 21.027084350585938],
              [107.373191833496151, 21.026527404785156],
              [107.372917175292912, 21.026531219482479],
              [107.372917175292912, 21.023199081421012],
              [107.372642517090071, 21.023199081421012],
              [107.372642517090071, 21.022920608520451],
              [107.371803283691577, 21.022920608520451],
              [107.371803283691577, 21.022079467773551],
              [107.371528625488338, 21.022083282470703],
              [107.371528625488338, 21.021804809570369],
              [107.370697021484375, 21.021804809570369],
              [107.370697021484375, 21.021528244018555],
              [107.370414733887003, 21.021528244018555],
              [107.370414733887003, 21.021804809570369],
              [107.369392395019588, 21.021804809570369],
              [107.369026184082259, 21.021804809570369],
              [107.369026184082259, 21.021308898925895],
              [107.368751525879077, 21.021249771118164],
              [107.368751525879077, 21.02102088928217],
              [107.368751525879077, 21.020694732666016],
              [107.368469238281307, 21.020694732666016],
              [107.368469238281307, 21.020139694213981],
              [107.368186950683764, 21.020139694213981],
              [107.368186950683764, 21.01986122131359],
              [107.367919921875284, 21.01986122131359],
              [107.367919921875284, 21.019308090210018],
              [107.367637634277344, 21.019308090210018],
              [107.367637634277344, 21.019029617309627],
              [107.367393493652287, 21.018955230713004],
              [107.367362976074503, 21.018472671508846],
              [107.367080688476562, 21.018472671508846],
              [107.367080688476562, 21.018194198608512],
              [107.366806030273551, 21.018194198608512],
              [107.366806030273551, 21.017639160156307],
              [107.366531372070369, 21.017641067504883],
              [107.366531372070369, 21.01708030700695],
              [107.366249084472599, 21.017084121704158],
              [107.366249084472599, 21.016250610351562],
              [107.365966796875227, 21.016250610351562],
              [107.365966796875227, 21.015689849853629],
              [107.365692138672046, 21.015695571899414],
              [107.365692138672046, 21.014862060546818],
              [107.365417480468807, 21.014862060546818],
              [107.365417480468807, 21.01402854919445],
              [107.365142822265796, 21.014030456543026],
              [107.365142822265796, 21.013200759887638],
              [107.364860534668253, 21.013200759887638],
              [107.364860534668253, 21.012359619140739],
              [107.364585876464844, 21.012363433837947],
              [107.364585876464844, 21.011806488037166],
              [107.36429595947294, 21.011810302734318],
              [107.36429595947294, 21.010969161987418],
              [107.364028930664062, 21.010971069335994],
              [107.364028930664062, 21.010416030883846],
              [107.36374664306652, 21.010421752929801],
              [107.36374664306652, 21.010139465332031],
              [107.363471984863338, 21.010139465332031],
              [107.363471984863338, 21.009859085083065],
              [107.362907409668026, 21.009859085083065],
              [107.362907409668026, 21.009590148925781],
              [107.362640380859546, 21.009590148925781],
              [107.362640380859546, 21.009031295776424],
              [107.361839294433707, 21.009031295776424],
              [107.361526489257812, 21.009031295776424],
              [107.361442565918253, 21.008781433105469],
              [107.361251831054972, 21.008701324462891],
              [107.361251831054972, 21.008472442626896],
              [107.360946655273608, 21.008472442626896],
              [107.36069488525402, 21.008401870727653],
              [107.36069488525402, 21.007917404174918],
              [107.360420227050838, 21.00792121887207],
              [107.360420227050838, 21.007717132568303],
              [107.360420227050838, 21.007360458374137],
              [107.359863281250227, 21.007360458374137],
              [107.359863281250227, 21.006811141967717],
              [107.359580993652287, 21.006811141967717],
              [107.359580993652287, 21.005970001220817],
              [107.359306335449276, 21.005971908569393],
              [107.359306335449276, 21.005695343017635],
              [107.358749389648494, 21.00570106506359],
              [107.358749389648494, 21.005420684814396],
              [107.357917785644531, 21.005420684814396],
              [107.357917785644531, 21.004859924316463],
              [107.357635498047159, 21.004861831665039],
              [107.357635498047159, 21.004583358764648],
              [107.357086181640568, 21.004583358764648],
              [107.357086181640568, 21.004306793212891],
              [107.356246948242415, 21.004306793212891],
              [107.356246948242415, 21.0040283203125],
              [107.355697631835994, 21.004030227661246],
              [107.355697631835994, 21.003749847412109],
              [107.355415344238452, 21.003749847412109],
              [107.355415344238452, 21.003471374511719],
              [107.354583740234659, 21.003471374511719],
              [107.354583740234659, 21.003196716308707],
              [107.354309082031307, 21.003196716308707],
              [107.354309082031307, 21.00291633605957],
              [107.353195190429915, 21.00291633605957],
              [107.353195190429915, 21.003196716308707],
              [107.352912902832202, 21.003196716308707],
              [107.352912902832202, 21.003471374511719],
              [107.352638244628963, 21.003459930420036],
              [107.352638244628963, 21.003749847412109],
              [107.352363586425952, 21.003749847412109],
              [107.352363586425952, 21.004306793212891],
              [107.352081298828409, 21.004306793212891],
              [107.352081298828409, 21.004583358764648],
              [107.352355957031421, 21.004579544067496],
              [107.352355957031421, 21.00514030456543],
              [107.352638244628963, 21.005138397216854],
              [107.352638244628963, 21.005971908569393],
              [107.352912902832202, 21.005970001220817],
              [107.352912902832202, 21.006250381469783],
              [107.352066040039119, 21.006250381469783],
              [107.352066040039119, 21.005970001220817],
              [107.351524353027628, 21.005971908569393],
              [107.351524353027628, 21.005695343017635],
              [107.351249694824219, 21.00570106506359],
              [107.351249694824219, 21.00514030456543],
              [107.350982666015568, 21.00514030456543],
              [107.350982666015568, 21.004859924316463],
              [107.350692749023494, 21.004861831665039],
              [107.350692749023494, 21.004306793212891],
              [107.350418090820256, 21.004306793212891],
              [107.350418090820256, 21.0040283203125],
              [107.350135803222884, 21.004030227661246],
              [107.350135803222884, 21.003749847412109],
              [107.349861145019702, 21.003749847412109],
              [107.349861145019702, 21.003190994262752],
              [107.349586486816463, 21.003196716308707],
              [107.349586486816463, 21.00291633605957],
              [107.349296569824389, 21.002920150756893],
              [107.349296569824389, 21.002639770507926],
              [107.349029541015909, 21.002639770507926],
              [107.349029541015909, 21.002080917358398],
              [107.348472595215128, 21.002084732055778],
              [107.348472595215128, 21.001739501953125],
              [107.348472595215128, 21.001527786254996],
              [107.349296569824389, 21.001529693603572],
              [107.349296569824389, 21.000690460205078],
              [107.349029541015909, 21.000692367553825],
              [107.349029541015909, 21.000139236450252],
              [107.349296569824389, 21.000141143798828],
              [107.349296569824389, 20.9999294281007],
              [107.349029541015909, 20.999862670898438],
              [107.349029541015909, 20.999580383300895],
              [107.348747253417969, 20.999582290649471],
              [107.348747253417969, 20.999305725097713],
              [107.348472595215128, 20.999309539795036],
              [107.348472595215128, 20.999031066894474],
              [107.348197937011719, 20.999031066894474],
              [107.348197937011719, 20.998752593994084],
              [107.347915649414176, 20.998752593994084],
              [107.347915649414176, 20.998470306396541],
              [107.346527099609432, 20.998470306396541],
              [107.346527099609432, 20.998193740844727],
              [107.345970153808651, 20.998193740844727],
              [107.345970153808651, 20.997917175292969],
              [107.345413208008097, 20.997922897338924],
              [107.345413208008097, 20.997650146484489],
              [107.344856262207315, 20.997650146484489],
              [107.344856262207315, 20.997360229492188],
              [107.344306945800724, 20.997360229492188],
              [107.344306945800724, 20.997079849243221],
              [107.34375, 20.997083663940373],
              [107.34375, 20.996805191040039],
              [107.343193054199389, 20.996810913085938],
              [107.343193054199389, 20.996528625488395],
              [107.342636108398608, 20.996528625488395],
              [107.342636108398608, 20.996248245239258],
              [107.342086791992188, 20.996248245239258],
              [107.342086791992188, 20.995969772338867],
              [107.341529846191463, 20.995971679687614],
              [107.341529846191463, 20.995695114135856],
              [107.340972900390682, 20.995700836181584],
              [107.340972900390682, 20.995420455932617],
              [107.340126037597599, 20.995420455932617],
              [107.340126037597599, 20.995700836181584],
              [107.339859008789119, 20.995700836181584],
              [107.339859008789119, 20.996528625488395],
              [107.340141296386889, 20.996595382690487],
              [107.340141296386889, 20.997083663940373],
              [107.340415954590071, 20.997079849243221],
              [107.340415954590071, 20.997360229492188],
              [107.340126037597599, 20.997360229492188],
              [107.340126037597599, 20.997922897338924],
              [107.339859008789119, 20.997917175292969],
              [107.339859008789119, 20.998470306396541],
              [107.339576721191577, 20.998470306396541],
              [107.339576721191577, 20.999031066894474],
              [107.339302062988565, 20.999027252197322],
              [107.339302062988565, 20.999582290649471],
              [107.339576721191577, 20.999580383300895],
              [107.339576721191577, 20.999862670898438],
              [107.339584350586108, 21.000139236450252],
              [107.339584350586108, 21.000974655151424],
              [107.338752746582315, 21.000970840454215],
              [107.338752746582315, 21.001251220703182],
              [107.338470458984375, 21.001251220703182],
              [107.338470458984375, 21.001529693603572],
              [107.335693359375284, 21.001529693603572],
              [107.335693359375284, 21.001251220703182],
              [107.335174560547046, 21.001251220703182],
              [107.333747863769588, 21.001251220703182],
              [107.333747863769588, 21.000141143798828],
              [107.334030151367358, 21.000141143798828],
              [107.334030151367358, 20.9999294281007],
              [107.333747863769588, 20.999862670898438],
              [107.333747863769588, 20.999580383300895],
              [107.333473205566577, 20.999582290649471],
              [107.333473205566577, 20.999027252197322],
              [107.333190917968807, 20.999031066894474],
              [107.333190917968807, 20.998752593994084],
              [107.332916259765625, 20.998752593994084],
              [107.332916259765625, 20.998470306396541],
              [107.332641601562784, 20.998470306396541],
              [107.332641601562784, 20.998193740844727],
              [107.332359313964844, 20.998193740844727],
              [107.332359313964844, 20.997638702392578],
              [107.332077026367472, 20.997650146484489],
              [107.332077026367472, 20.997079849243221],
              [107.331802368164119, 20.997083663940373],
              [107.331802368164119, 20.996805191040039],
              [107.332077026367472, 20.996810913085938],
              [107.332077026367472, 20.996248245239258],
              [107.332359313964844, 20.996248245239258],
              [107.332359313964844, 20.995700836181584],
              [107.332641601562784, 20.995700836181584],
              [107.332641601562784, 20.995138168335075],
              [107.332916259765625, 20.995121002197209],
              [107.332916259765625, 20.994583129882869],
              [107.332641601562784, 20.994583129882869],
              [107.332641601562784, 20.99374961853033],
              [107.332359313964844, 20.99374961853033],
              [107.332359313964844, 20.993190765380973],
              [107.332084655761832, 20.993194580078182],
              [107.332084655761832, 20.992916107177791],
              [107.331527709960881, 20.992916107177791],
              [107.331527709960881, 20.993473052978516],
              [107.33125305175804, 20.99347114562994],
              [107.33125305175804, 20.99374961853033],
              [107.330970764160099, 20.99374961853033],
              [107.330970764160099, 20.994028091430721],
              [107.330696105957088, 20.994026184082145],
              [107.330696105957088, 20.994583129882869],
              [107.330413818359546, 20.994583129882869],
              [107.330413818359546, 20.99486160278326],
              [107.330139160156307, 20.994859695434684],
              [107.330139160156307, 20.995420455932617],
              [107.329856872558764, 20.995420455932617],
              [107.329856872558764, 20.995700836181584],
              [107.329032897949332, 20.995700836181584],
              [107.329032897949332, 20.995420455932617],
              [107.328750610351619, 20.995420455932617],
              [107.328750610351619, 20.994859695434684],
              [107.328475952148381, 20.99486160278326],
              [107.328475952148381, 20.994392395019588],
              [107.327636718750227, 20.994304656982536],
              [107.327636718750227, 20.994583129882869],
              [107.327362060547046, 20.994583129882869],
              [107.327362060547046, 20.99486160278326],
              [107.327079772949276, 20.994859695434684],
              [107.327079772949276, 20.995138168335075],
              [107.326812744140625, 20.995138168335075],
              [107.326812744140625, 20.995700836181584],
              [107.326530456543253, 20.995695114135856],
              [107.326530456543253, 20.995971679687614],
              [107.326248168945312, 20.995969772338867],
              [107.326248168945312, 20.996248245239258],
              [107.32596588134794, 20.996248245239258],
              [107.32596588134794, 20.996528625488395],
              [107.324859619140568, 20.996528625488395],
              [107.324859619140568, 20.996810913085938],
              [107.324211120605526, 20.996807098388786],
              [107.323753356933764, 20.996805191040039],
              [107.323753356933764, 20.997083663940373],
              [107.322906494140909, 20.997079849243221],
              [107.32291412353544, 20.997360229492188],
              [107.322090148925838, 20.997360229492188],
              [107.322090148925838, 20.997650146484489],
              [107.321250915527514, 20.997650146484489],
              [107.321250915527514, 20.997922897338924],
              [107.320968627929744, 20.997917175292969],
              [107.320968627929744, 20.998193740844727],
              [107.320693969726733, 20.998193740844727],
              [107.320693969726733, 20.998470306396541],
              [107.320419311523722, 20.998470306396541],
              [107.320419311523722, 20.998752593994084],
              [107.320137023925781, 20.998752593994084],
              [107.320137023925781, 20.998470306396541],
              [107.31986236572294, 20.998470306396541],
              [107.31986236572294, 20.998193740844727],
              [107.317916870117244, 20.998193740844727],
              [107.317916870117244, 20.998470306396541],
              [107.310142517090128, 20.998470306396541],
              [107.310150146484489, 20.998752593994084],
              [107.307357788085938, 20.998752593994084],
              [107.307357788085938, 20.999031066894474],
              [107.305686950683651, 20.999031066894474],
              [107.305686950683651, 20.999309539795036],
              [107.305969238281193, 20.999305725097713],
              [107.305969238281193, 20.999582290649471],
              [107.306526184082145, 20.999580383300895],
              [107.306526184082145, 20.999862670898438],
              [107.306808471679688, 20.999862670898438],
              [107.306808471679688, 21.000141143798828],
              [107.306808471679688, 21.001529693603572],
              [107.306526184082145, 21.001529693603572],
              [107.306526184082145, 21.001251220703182],
              [107.306251525878963, 21.001251220703182],
              [107.306251525878963, 21.001529693603572],
              [107.304862976074389, 21.001527786254996],
              [107.304862976074389, 21.002084732055778],
              [107.304580688476619, 21.002084732055778],
              [107.304580688476619, 21.002361297607536],
              [107.303749084472656, 21.002361297607536],
              [107.303749084472656, 21.002084732055778],
              [107.303749084472656, 21.001806259155387],
              [107.303466796875284, 21.001810073852539],
              [107.303466796875284, 21.001529693603572],
              [107.303192138671932, 21.001529693603572],
              [107.303192138671932, 21.000970840454215],
              [107.302917480468693, 21.000974655151424],
              [107.302917480468693, 21.000692367553825],
              [107.302360534667912, 21.000692367553825],
              [107.302360534667912, 21.000974655151424],
              [107.302085876464901, 21.000974655151424],
              [107.302085876464901, 21.002084732055778],
              [107.300971984863565, 21.002084732055778],
              [107.300971984863565, 21.001806259155387],
              [107.300697326660156, 21.001810073852539],
              [107.300697326660156, 21.001529693603572],
              [107.29902648925804, 21.001529693603572],
              [107.29902648925804, 21.000690460205078],
              [107.299308776855412, 21.000692367553825],
              [107.299308776855412, 21.000415802002067],
              [107.299575805664119, 21.000419616699219],
              [107.299575805664119, 20.999862670898438],
              [107.299575805664119, 20.999580383300895],
              [107.299858093261832, 20.999582290649471],
              [107.299858093261832, 20.999305725097713],
              [107.299575805664119, 20.999309539795036],
              [107.299583435058651, 20.999082565307674],
              [107.299240112304744, 20.999027252197322],
              [107.297363281250284, 20.999031066894474],
              [107.297363281250284, 20.998191833496151],
              [107.297180175781364, 20.998191833496151],
              [107.295692443847827, 20.998193740844727],
              [107.295692443847827, 20.997360229492188],
              [107.295417785644588, 20.997360229492188],
              [107.295417785644588, 20.996528625488395],
              [107.294822692871321, 20.996528625488395],
              [107.294296264648722, 20.996528625488395],
              [107.294296264648722, 20.996810913085938],
              [107.294029235839844, 20.996805191040039],
              [107.294029235839844, 20.997083663940373],
              [107.293746948242301, 20.997083663940373],
              [107.293746948242301, 20.996805191040039],
              [107.293197631835881, 20.996810913085938],
              [107.293197631835881, 20.996528625488395],
              [107.291954040527401, 20.996528625488395],
              [107.291526794433594, 20.996528625488395],
              [107.291526794433594, 20.995420455932617],
              [107.289581298828068, 20.995416641235465],
              [107.289581298828068, 20.995971679687614],
              [107.288475036621094, 20.995971679687614],
              [107.288475036621094, 20.995695114135856],
              [107.286804199218807, 20.995695114135856],
              [107.286804199218807, 20.995971679687614],
              [107.286529541015568, 20.995969772338867],
              [107.286529541015568, 20.996810913085938],
              [107.285697937011776, 20.996805191040039],
              [107.285697937011776, 20.997083663940373],
              [107.284858703613281, 20.997079849243221],
              [107.284858703613281, 20.997360229492188],
              [107.284027099609489, 20.997360229492188],
              [107.284027099609489, 20.998567581176758],
              [107.284027099609489, 20.999031066894474],
              [107.282356262207202, 20.999031066894474],
              [107.282356262207202, 20.998752593994084],
              [107.28208160400419, 20.998752593994084],
              [107.28208160400419, 20.998361587524414],
              [107.28208160400419, 20.997650146484489],
              [107.282356262207202, 20.997650146484489],
              [107.282356262207202, 20.996248245239258],
              [107.279296875000171, 20.996248245239258],
              [107.279289245605639, 20.996528625488395],
              [107.276786804199162, 20.996528625488395],
              [107.276786804199162, 20.996721267700252],
              [107.276786804199162, 20.996810913085938],
              [107.276252746582202, 20.996805191040039],
              [107.276252746582202, 20.997083663940373],
              [107.275970458984432, 20.997079849243221],
              [107.275970458984432, 20.997360229492188],
              [107.275405883789347, 20.997360229492188],
              [107.275405883789347, 20.997650146484489],
              [107.274154663086108, 20.997650146484489],
              [107.272636413574389, 20.997650146484489],
              [107.272636413574389, 20.997505187988224],
              [107.272636413574389, 20.997360229492188],
              [107.271369934082259, 20.997360229492188],
              [107.271247863769645, 20.997360229492188],
              [107.271247863769645, 20.997079849243221],
              [107.269584655761889, 20.997083663940373],
              [107.269584655761889, 20.996805191040039],
              [107.268196105957145, 20.996810913085938],
              [107.268196105957145, 20.996528625488395],
              [107.266532897949389, 20.996528625488395],
              [107.266532897949389, 20.996248245239258],
              [107.265975952148438, 20.996248245239258],
              [107.265975952148438, 20.996528625488395],
              [107.265419006347656, 20.996528625488395],
              [107.265419006347656, 20.996248245239258],
              [107.264846801757812, 20.996248245239258],
              [107.264846801757812, 20.995969772338867],
              [107.263473510742358, 20.995971679687614],
              [107.263473510742358, 20.995695114135856],
              [107.262077331543253, 20.995700836181584],
              [107.262077331543253, 20.995420455932617],
              [107.260971069335881, 20.995420455932617],
              [107.260971069335881, 20.995138168335075],
              [107.259857177734546, 20.995138168335075],
              [107.259857177734546, 20.994859695434684],
              [107.258750915527401, 20.99486160278326],
              [107.258750915527401, 20.994583129882869],
              [107.258018493652571, 20.994583129882869],
              [107.256530761719034, 20.994583129882869],
              [107.256530761719034, 20.994304656982536],
              [107.255973815918253, 20.994304656982536],
              [107.255973815918253, 20.994026184082145],
              [107.255416870117301, 20.994028091430721],
              [107.255416870117301, 20.99374961853033],
              [107.254585266113509, 20.99374961853033],
              [107.254585266113509, 20.993473052978516],
              [107.253471374512003, 20.99347114562994],
              [107.253471374512003, 20.994028091430721],
              [107.253196716308594, 20.994026184082145],
              [107.253196716308594, 20.994304656982536],
              [107.252639770507812, 20.994304656982536],
              [107.252639770507812, 20.994026184082145],
              [107.25235748291027, 20.994028091430721],
              [107.25235748291027, 20.99374961853033],
              [107.251251220703296, 20.99374961853033],
              [107.251251220703296, 20.993190765380973],
              [107.250968933105526, 20.993194580078182],
              [107.250968933105526, 20.992916107177791],
              [107.250686645507983, 20.992919921875114],
              [107.250686645507983, 20.992639541625977],
              [107.250419616699503, 20.992639541625977],
              [107.250419616699503, 20.992361068725586],
              [107.250137329101562, 20.992361068725586],
              [107.250137329101562, 20.992080688476619],
              [107.249580383300781, 20.992082595825195],
              [107.249580383300781, 20.991807937622184],
              [107.248474121093977, 20.991807937622184],
              [107.248474121093977, 20.992082595825195],
              [107.248191833496037, 20.992080688476619],
              [107.248191833496037, 20.992639541625977],
              [107.247917175293026, 20.992639541625977],
              [107.247917175293026, 20.993194580078182],
              [107.247360229492244, 20.993194580078182],
              [107.247360229492244, 20.992916107177791],
              [107.247070312500171, 20.992919921875114],
              [107.247070312500171, 20.992639541625977],
              [107.24680328369169, 20.992639541625977],
              [107.24680328369169, 20.992361068725586],
              [107.246528625488281, 20.992361068725586],
              [107.246528625488281, 20.99180984497076],
              [107.246246337890909, 20.99180984497076],
              [107.246246337890909, 20.991250991821403],
              [107.244583129882983, 20.991250991821403],
              [107.244583129882983, 20.99180984497076],
              [107.241531372070483, 20.99180984497076],
              [107.241531372070483, 20.991519927978516],
              [107.240974426269702, 20.991527557373047],
              [107.240974426269702, 20.990695953369254],
              [107.241249084472713, 20.990695953369254],
              [107.241249084472713, 20.990417480468864],
              [107.240966796875171, 20.99041938781744],
              [107.240966796875171, 20.989311218261662],
              [107.241249084472713, 20.989311218261662],
              [107.241249084472713, 20.988750457763729],
              [107.240966796875171, 20.988750457763729],
              [107.240966796875171, 20.988479614257869],
              [107.240676879882869, 20.988479614257869],
              [107.240676879882869, 20.987360000610408],
              [107.240974426269702, 20.987363815307617],
              [107.240974426269702, 20.986803054809627],
              [107.241531372070483, 20.986803054809627],
              [107.241531372070483, 20.985971450805664],
              [107.241806030273665, 20.985971450805664],
              [107.241806030273665, 20.985694885253906],
              [107.242080688476506, 20.985694885253906],
              [107.242080688476506, 20.985137939453125],
              [107.242362976074276, 20.985141754150447],
              [107.242362976074276, 20.984579086303768],
              [107.242637634277457, 20.98458290100092],
              [107.242637634277457, 20.984306335449332],
              [107.24346923828125, 20.984310150146484],
              [107.24346923828125, 20.984031677246094],
              [107.243736267089901, 20.984031677246094],
              [107.243736267089901, 20.984310150146484],
              [107.244308471679744, 20.984310150146484],
              [107.244308471679744, 20.984031677246094],
              [107.244583129882983, 20.984031677246094],
              [107.244583129882983, 20.984310150146484],
              [107.245407104492244, 20.984310150146484],
              [107.245407104492244, 20.984031677246094],
              [107.245140075683537, 20.984031677246094],
              [107.245140075683537, 20.983190536499023],
              [107.245414733886776, 20.983194351196403],
              [107.245414733886776, 20.982639312744197],
              [107.245697021484318, 20.982639312744197],
              [107.245697021484318, 20.982349395751896],
              [107.245971679687557, 20.982360839843807],
              [107.245971679687557, 20.982084274292049],
              [107.246528625488281, 20.982082366943416],
              [107.246528625488281, 20.981805801391658],
              [107.244308471679744, 20.981805801391658],
              [107.244308471679744, 20.982084274292049],
              [107.244026184082202, 20.982084274292049],
              [107.244026184082202, 20.982360839843807],
              [107.243736267089901, 20.982349395751896],
              [107.243736267089901, 20.98292160034174],
              [107.242080688476506, 20.98292160034174],
              [107.242080688476506, 20.982349395751896],
              [107.241249084472713, 20.982349395751896],
              [107.241249084472713, 20.982639312744197],
              [107.240966796875171, 20.982639312744197],
              [107.240966796875171, 20.98292160034174],
              [107.240692138672159, 20.982915878296012],
              [107.240692138672159, 20.983194351196403],
              [107.241249084472713, 20.983190536499023],
              [107.241249084472713, 20.983749389648551],
              [107.240966796875171, 20.983749389648551],
              [107.240966796875171, 20.985141754150447],
              [107.240676879882869, 20.985141754150447],
              [107.240676879882869, 20.985420227050838],
              [107.24041748046875, 20.985416412353516],
              [107.24041748046875, 20.985694885253906],
              [107.239860534667969, 20.985694885253906],
              [107.239860534667969, 20.985971450805664],
              [107.239303588867244, 20.985971450805664],
              [107.239303588867244, 20.986803054809627],
              [107.239028930664006, 20.986803054809627],
              [107.239028930664006, 20.987081527710018],
              [107.239295959472713, 20.987079620361442],
              [107.239295959472713, 20.987640380859375],
              [107.238197326660213, 20.987640380859375],
              [107.238197326660213, 20.987360000610408],
              [107.237640380859659, 20.987360000610408],
              [107.237640380859659, 20.987640380859375],
              [107.237358093261719, 20.987640380859375],
              [107.237358093261719, 20.987920761108342],
              [107.235969543456974, 20.987920761108342],
              [107.235969543456974, 20.987640380859375],
              [107.235687255859432, 20.987640380859375],
              [107.235687255859432, 20.987360000610408],
              [107.235420227050952, 20.987363815307617],
              [107.235420227050952, 20.987081527710018],
              [107.235137939453182, 20.987081527710018],
              [107.235137939453182, 20.986528396606445],
              [107.235969543456974, 20.986530303955192],
              [107.235969543456974, 20.985691070556697],
              [107.235694885254134, 20.985694885253906],
              [107.235694885254134, 20.985416412353516],
              [107.235969543456974, 20.985420227050838],
              [107.235969543456974, 20.985141754150447],
              [107.235687255859432, 20.985141754150447],
              [107.235687255859432, 20.984579086303768],
              [107.235969543456974, 20.98458290100092],
              [107.235969543456974, 20.984027862548942],
              [107.235687255859432, 20.984031677246094],
              [107.235687255859432, 20.983190536499023],
              [107.235420227050952, 20.983194351196403],
              [107.235420227050952, 20.982915878296012],
              [107.234306335449219, 20.98292160034174],
              [107.234306335449219, 20.982639312744197],
              [107.234016418457315, 20.982639312744197],
              [107.234016418457315, 20.982349395751896],
              [107.233192443847713, 20.982349395751896],
              [107.233192443847713, 20.982639312744197],
              [107.232360839843693, 20.982639312744197],
              [107.232360839843693, 20.982349395751896],
              [107.232086181640682, 20.982360839843807],
              [107.232086181640682, 20.982084274292049],
              [107.231803894043139, 20.982084274292049],
              [107.231803894043139, 20.981805801391658],
              [107.232086181640682, 20.981809616088981],
              [107.232086181640682, 20.980421066284237],
              [107.231246948242358, 20.980417251586914],
              [107.231246948242358, 20.980693817138672],
              [107.230415344238565, 20.980693817138672],
              [107.230415344238565, 20.980972290039062],
              [107.229858398437614, 20.980972290039062],
              [107.229858398437614, 20.980693817138672],
              [107.229583740234432, 20.980693817138672],
              [107.229583740234432, 20.980417251586914],
              [107.229309082031193, 20.980421066284237],
              [107.229309082031193, 20.979860305786133],
              [107.229026794433821, 20.979860305786133],
              [107.229026794433821, 20.979579925537166],
              [107.228752136230639, 20.979583740234318],
              [107.228752136230639, 20.979305267333984],
              [107.228233337402401, 20.979305267333984],
              [107.228195190429858, 20.97883415222168],
              [107.227638244628906, 20.97875022888195],
              [107.227638244628906, 20.978469848632812],
              [107.227363586426065, 20.978471755981559],
              [107.227363586426065, 20.978195190429801],
              [107.226806640625114, 20.978200912475529],
              [107.226806640625114, 20.977979660034293],
              [107.226806640625114, 20.97763824462902],
              [107.226516723632869, 20.977640151977596],
              [107.226516723632869, 20.977359771728629],
              [107.226249694824162, 20.977361679077205],
              [107.226249694824162, 20.976806640625057],
              [107.225975036621321, 20.976806640625057],
              [107.225975036621321, 20.976249694824276],
              [107.225677490234318, 20.976249694824276],
              [107.225677490234318, 20.975971221923885],
              [107.225975036621321, 20.975973129272461],
              [107.225975036621321, 20.975416183471737],
              [107.225677490234318, 20.975419998169059],
              [107.225677490234318, 20.974861145019531],
              [107.225418090820369, 20.974861145019531],
              [107.225418090820369, 20.974309921264705],
              [107.224304199219034, 20.974306106567383],
              [107.224304199219034, 20.974584579467773],
              [107.22291564941429, 20.974584579467773],
              [107.22291564941429, 20.974306106567383],
              [107.222640991211108, 20.974309921264705],
              [107.222640991211108, 20.974029541015739],
              [107.221946716308651, 20.974029541015739],
              [107.220138549804631, 20.974029541015739],
              [107.220138549804631, 20.973751068115348],
              [107.219856262207088, 20.973751068115348],
              [107.219856262207088, 20.973480224609318],
              [107.219581604003849, 20.973480224609318],
              [107.219581604003849, 20.973190307617244],
              [107.219581604003849, 20.972917556762809],
              [107.219306945800838, 20.972919464111385],
              [107.219306945800838, 20.972080230712891],
              [107.219024658203296, 20.972082138061637],
              [107.219024658203296, 20.971805572509879],
              [107.218261718750171, 20.971809387207031],
              [107.218193054199503, 20.97125244140625],
              [107.217918395996094, 20.97125244140625],
              [107.217918395996094, 20.970991134643555],
              [107.217918395996094, 20.970693588256893],
              [107.217636108398722, 20.970693588256893],
              [107.217636108398722, 20.969860076904354],
              [107.217361450195369, 20.969860076904354],
              [107.217361450195369, 20.969028472900391],
              [107.217086791992131, 20.969028472900391],
              [107.217086791992131, 20.968748092651424],
              [107.216529846191349, 20.968748092651424],
              [107.216529846191349, 20.968469619751033],
              [107.215972900390796, 20.968471527099609],
              [107.215972900390796, 20.968194961547852],
              [107.215415954590014, 20.968194961547852],
              [107.215415954590014, 20.967639923095817],
              [107.215690612793026, 20.967639923095817],
              [107.215698242187557, 20.96681022644043],
              [107.215972900390796, 20.96681022644043],
              [107.215972900390796, 20.966249465942496],
              [107.215698242187557, 20.966249465942496],
              [107.215698242187557, 20.965970993042106],
              [107.217361450195369, 20.965972900390682],
              [107.217361450195369, 20.965694427490348],
              [107.217636108398722, 20.965694427490348],
              [107.217636108398722, 20.965417861938533],
              [107.219017028808764, 20.965419769287109],
              [107.219017028808764, 20.964860916137752],
              [107.219306945800838, 20.964860916137752],
              [107.219306945800838, 20.964031219482365],
              [107.219017028808764, 20.964031219482365],
              [107.219017028808764, 20.963470458984432],
              [107.21875, 20.963472366333008],
              [107.21875, 20.962917327880859],
              [107.218482971191406, 20.962921142578182],
              [107.218482971191406, 20.961811065673828],
              [107.21875, 20.961811065673828],
              [107.21875, 20.961540222168026],
              [107.219306945800838, 20.961540222168026],
              [107.219306945800838, 20.961250305175895],
              [107.219856262207088, 20.961250305175895],
              [107.219856262207088, 20.960700988769474],
              [107.220138549804631, 20.960700988769474],
              [107.220138549804631, 20.960140228271541],
              [107.219856262207088, 20.960140228271541],
              [107.219856262207088, 20.959579467773438],
              [107.217636108398722, 20.959581375122184],
              [107.217636108398722, 20.959304809570426],
              [107.217361450195369, 20.959304809570426],
              [107.217361450195369, 20.958469390869254],
              [107.217086791992131, 20.958469390869254],
              [107.217086791992131, 20.958194732666072],
              [107.215141296387003, 20.958194732666072],
              [107.215141296387003, 20.955694198608342],
              [107.214859008789062, 20.955694198608342],
              [107.214859008789062, 20.955417633056754],
              [107.214584350586222, 20.955415725708008],
              [107.214584350586222, 20.955137252807617],
              [107.21402740478527, 20.955139160156364],
              [107.21402740478527, 20.954860687255973],
              [107.213737487793026, 20.954860687255973],
              [107.213737487793026, 20.954580307006836],
              [107.213470458984318, 20.954584121704215],
              [107.213470458984318, 20.954305648803825],
              [107.213195800781477, 20.954307556152401],
              [107.213195800781477, 20.953750610351619],
              [107.212905883789006, 20.953750610351619],
              [107.212905883789006, 20.952369689941406],
              [107.213470458984318, 20.952369689941406],
              [107.213470458984318, 20.952920913696232],
              [107.213752746582088, 20.95291709899908],
              [107.213752746582088, 20.953472137451229],
              [107.214302062988281, 20.953470230102653],
              [107.214302062988281, 20.953750610351619],
              [107.214859008789062, 20.953750610351619],
              [107.214859008789062, 20.953470230102653],
              [107.216529846191349, 20.953472137451229],
              [107.216529846191349, 20.952083587646484],
              [107.216804504394588, 20.952083587646484],
              [107.216804504394588, 20.951805114746151],
              [107.216529846191349, 20.951810836792049],
              [107.216529846191349, 20.951250076293945],
              [107.216247558593977, 20.951250076293945],
              [107.216247558593977, 20.949859619140625],
              [107.215972900390796, 20.949859619140625],
              [107.215972900390796, 20.950139999389762],
              [107.215698242187557, 20.950139999389762],
              [107.215698242187557, 20.950420379638729],
              [107.214302062988281, 20.950420379638729],
              [107.214302062988281, 20.950139999389762],
              [107.212638854980526, 20.950139999389762],
              [107.212638854980526, 20.950420379638729],
              [107.212356567382983, 20.950420379638729],
              [107.212356567382983, 20.950700759887695],
              [107.210990905761662, 20.950700759887695],
              [107.210990905761662, 20.950420379638729],
              [107.210418701171818, 20.950420379638729],
              [107.210418701171818, 20.950139999389762],
              [107.209587097168026, 20.950139999389762],
              [107.209587097168026, 20.949859619140625],
              [107.209030151367472, 20.949861526489371],
              [107.209030151367472, 20.94958305358881],
              [107.20819091796875, 20.94958305358881],
              [107.20819091796875, 20.949306488037223],
              [107.207641601562557, 20.949310302734375],
              [107.207641601562557, 20.949029922485408],
              [107.205406188965128, 20.949029922485408],
              [107.205406188965128, 20.949310302734375],
              [107.20513916015625, 20.949306488037223],
              [107.20513916015625, 20.94958305358881],
              [107.204856872558878, 20.949581146240234],
              [107.204856872558878, 20.950420379638729],
              [107.20513916015625, 20.950420379638729],
              [107.20513916015625, 20.951530456543082],
              [107.205406188965128, 20.951530456543082],
              [107.205406188965128, 20.952369689941406],
              [107.204856872558878, 20.952369689941406],
              [107.204856872558878, 20.952640533447266],
              [107.204566955566406, 20.952640533447266],
              [107.204566955566406, 20.952920913696232],
              [107.204032897949446, 20.952920913696232],
              [107.204032897949446, 20.954307556152401],
              [107.204307556152287, 20.954305648803825],
              [107.204307556152287, 20.955972671508732],
              [107.204566955566406, 20.955970764160156],
              [107.204566955566406, 20.95653152465826],
              [107.204864501953239, 20.956527709960938],
              [107.204864501953239, 20.957082748413086],
              [107.20513916015625, 20.95708084106451],
              [107.20513916015625, 20.957641601562443],
              [107.205413818359659, 20.957641601562443],
              [107.205413818359659, 20.958194732666072],
              [107.205696105957031, 20.958194732666072],
              [107.205696105957031, 20.958469390869254],
              [107.205970764160213, 20.958469390869254],
              [107.205970764160213, 20.959581375122184],
              [107.206527709960994, 20.959581375122184],
              [107.206527709960994, 20.959863662719783],
              [107.206802368164006, 20.959859848022575],
              [107.206802368164006, 20.960140228271541],
              [107.207916259765739, 20.960138320922965],
              [107.207916259765739, 20.960973739624137],
              [107.20819091796875, 20.960969924926758],
              [107.20819091796875, 20.962640762329215],
              [107.20847320556669, 20.962640762329215],
              [107.20847320556669, 20.963750839233398],
              [107.208747863769531, 20.963750839233398],
              [107.208747863769531, 20.964309692382926],
              [107.207916259765739, 20.964309692382926],
              [107.207916259765739, 20.964031219482365],
              [107.207641601562557, 20.964031219482365],
              [107.207641601562557, 20.963750839233398],
              [107.207115173339901, 20.963708877563533],
              [107.207000732422046, 20.963472366333008],
              [107.206253051757983, 20.963472366333008],
              [107.206253051757983, 20.96319580078125],
              [107.205696105957031, 20.96319580078125],
              [107.205696105957031, 20.962917327880859],
              [107.204856872558878, 20.962921142578182],
              [107.204856872558878, 20.962640762329215],
              [107.204307556152287, 20.962640762329215],
              [107.204307556152287, 20.962152481079158],
              [107.204025268554744, 20.962085723877067],
              [107.204025268554744, 20.961526870727539],
              [107.203750610351506, 20.961540222168026],
              [107.203750610351506, 20.960969924926758],
              [107.203475952148494, 20.960973739624137],
              [107.203475952148494, 20.960138320922965],
              [107.203186035156421, 20.960140228271541],
              [107.203186035156421, 20.959579467773438],
              [107.202919006347713, 20.959581375122184],
              [107.202919006347713, 20.959028244018612],
              [107.202636718750171, 20.959030151367188],
              [107.202636718750171, 20.958629608154354],
              [107.202636718750171, 20.958194732666072],
              [107.202362060547159, 20.958194732666072],
              [107.202362060547159, 20.957359313964901],
              [107.202079772949219, 20.957359313964901],
              [107.202079772949219, 20.956811904907283],
              [107.201797485351847, 20.956811904907283],
              [107.201797485351847, 20.956420898437557],
              [107.201805114746378, 20.955972671508732],
              [107.201530456543026, 20.955972671508732],
              [107.201530456543026, 20.955417633056754],
              [107.201248168945426, 20.955415725708008],
              [107.201248168945426, 20.954860687255973],
              [107.200965881347713, 20.954860687255973],
              [107.200965881347713, 20.954307556152401],
              [107.200691223144474, 20.954307556152401],
              [107.200691223144474, 20.953750610351619],
              [107.200416564941634, 20.953750610351619],
              [107.200416564941634, 20.953470230102653],
              [107.199462890625227, 20.953472137451229],
              [107.198753356933878, 20.953472137451229],
              [107.198753356933878, 20.952859878540096],
              [107.198753356933878, 20.952362060546875],
              [107.198471069335938, 20.952369689941406],
              [107.198471069335938, 20.951250076293945],
              [107.198196411132926, 20.951250076293945],
              [107.198196411132926, 20.950700759887695],
              [107.197906494140682, 20.950700759887695],
              [107.197906494140682, 20.950139999389762],
              [107.197639465331974, 20.950139999389762],
              [107.197639465331974, 20.949581146240234],
              [107.197364807129134, 20.94958305358881],
              [107.197364807129134, 20.949306488037223],
              [107.195419311523438, 20.949256896972599],
              [107.195419311523438, 20.949028015136832],
              [107.195137023925895, 20.949029922485408],
              [107.195137023925895, 20.948749542236442],
              [107.194580078124943, 20.948749542236442],
              [107.194580078124943, 20.948471069336051],
              [107.194305419922102, 20.94847488403326],
              [107.194305419922102, 20.947191238403434],
              [107.194244384765796, 20.947107315063533],
              [107.192375183105526, 20.947450637817383],
              [107.192039489746151, 20.947774887085018],
              [107.191993713378963, 20.947849273681641],
              [107.19140625, 20.948083877563533],
              [107.191253662109602, 20.948083877563533],
              [107.190994262695483, 20.947940826416072],
              [107.190788269043139, 20.947698593139648],
              [107.190635681152344, 20.947362899780273],
              [107.190475463867244, 20.946928024291992],
              [107.190223693847827, 20.946012496948242],
              [107.189857482910327, 20.945482254028263],
              [107.189292907714844, 20.945001602172908],
              [107.188423156738338, 20.944711685180778],
              [107.187393188476562, 20.944713592529411],
              [107.186676025390852, 20.944810867309627],
              [107.18611145019554, 20.945341110229606],
              [107.185340881347884, 20.946210861206055],
              [107.184471130371037, 20.947320938110408],
              [107.183853149414347, 20.947851181030387],
              [107.183181762695483, 20.948141098022518],
              [107.1826171875, 20.948286056518555],
              [107.181900024414119, 20.948432922363395],
              [107.181434631347599, 20.948625564575252],
              [107.180671691894474, 20.94901275634777],
              [107.180000305176009, 20.949445724487305],
              [107.179542541504077, 20.949590682983342],
              [107.178718566894815, 20.949785232544002],
              [107.177795410156193, 20.949882507324219],
              [107.176818847656534, 20.949834823608398],
              [107.176048278808878, 20.950029373169059],
              [107.175773620605469, 20.950204849243278],
              [107.175712585449162, 20.952484130859489],
              [107.174819946289062, 20.953653335571403],
              [107.174293518066463, 20.953960418701172],
              [107.173736572265682, 20.954454421997013],
              [107.173103332519531, 20.955083847046012],
              [107.172294616699389, 20.956226348876953],
              [107.171531677246264, 20.957433700561523],
              [107.170883178711222, 20.958152770996151],
              [107.17069244384794, 20.958309173583928],
              [107.170486450195369, 20.95842361450201],
              [107.170150756836051, 20.958560943603516],
              [107.168632507324332, 20.958856582641602],
              [107.167312622070256, 20.959028244018612],
              [107.165939331054972, 20.959201812744197],
              [107.164886474609375, 20.95945930480957],
              [107.164535522460994, 20.959585189819393],
              [107.164604187012003, 20.960649490356502],
              [107.16493225097679, 20.965589523315543],
              [107.166229248046875, 20.970876693725643],
              [107.166419982910156, 20.972133636474666],
              [107.166740417480412, 20.972911834716854],
              [107.167572021484375, 20.974212646484489],
              [107.168914794921932, 20.975727081298828],
              [107.170120239258097, 20.977243423461971],
              [107.171646118164347, 20.979061126709098],
              [107.174926757812614, 20.983478546142692],
              [107.176269531249943, 20.985166549682674],
              [107.177284240722656, 20.986423492431697],
              [107.178627014160156, 20.988458633422852],
              [107.179092407226847, 20.990364074707088],
              [107.179138183593693, 20.991058349609375],
              [107.179138183593693, 20.991750717163086],
              [107.178497314453182, 20.994569778442383],
              [107.178131103515909, 20.996217727661076],
              [107.17767333984375, 20.997257232666016],
              [107.176963806152401, 20.998205184936637],
              [107.176986694336222, 20.998355865478629],
              [107.176704406738281, 20.998731613159237],
              [107.176315307617358, 20.999113082885799],
              [107.175743103027514, 20.999647140502987],
              [107.175514221191349, 20.999973297119197],
              [107.174926757812614, 21.003242492675781],
              [107.174392700195483, 21.004915237426815],
              [107.173545837402401, 21.007736206054744],
              [107.173126220703182, 21.009408950805664],
              [107.172813415527628, 21.010530471801701],
              [107.172790527344034, 21.011051177978572],
              [107.172660827636662, 21.011417388916072],
              [107.172416687012003, 21.012020111084041],
              [107.172317504882812, 21.012489318847713],
              [107.172325134277344, 21.013088226318359],
              [107.172531127929688, 21.013969421386719],
              [107.172683715820483, 21.014852523803711],
              [107.172744750976619, 21.0155029296875],
              [107.172950744629134, 21.016384124755916],
              [107.173019409179801, 21.017034530639705],
              [107.172943115234602, 21.017765045166129],
              [107.172729492187557, 21.018392562866325],
              [107.172546386718807, 21.01878547668457],
              [107.172294616699389, 21.019021987915096],
              [107.172103881836108, 21.019258499145621],
              [107.171997070312727, 21.019521713256893],
              [107.17203521728544, 21.019962310791016],
              [107.172233581543253, 21.020324707031307],
              [107.172546386718807, 21.020788192749023],
              [107.172859191894702, 21.021278381347713],
              [107.173171997070597, 21.021795272827205],
              [107.173568725586222, 21.022571563720817],
              [107.173797607421818, 21.022932052612362],
              [107.174156188964957, 21.023214340209904],
              [107.174636840820369, 21.023521423339901],
              [107.175224304199276, 21.023799896240234],
              [107.17561340332054, 21.024106979370231],
              [107.175865173340128, 21.024286270141602],
              [107.17606353759777, 21.024543762207145],
              [107.176292419433764, 21.024982452392635],
              [107.176521301269531, 21.025371551513729],
              [107.176803588867472, 21.0257568359375],
              [107.177177429199503, 21.0267333984375],
              [107.177253723144702, 21.02667427062994],
              [107.177757263183878, 21.026569366455192],
              [107.178146362304972, 21.026622772216797],
              [107.178649902343807, 21.026830673217717],
              [107.180618286133097, 21.028209686279354],
              [107.181266784668139, 21.028499603271428],
              [107.182212829590014, 21.028707504272575],
              [107.182769775390568, 21.028707504272575],
              [107.183326721191349, 21.028602600097599],
              [107.183609008789119, 21.028341293335075],
              [107.183662414551065, 21.028026580810604],
              [107.183662414551065, 21.027608871459961],
              [107.183380126953125, 21.026563644409237],
              [107.183273315429744, 21.026145935058594],
              [107.183380126953125, 21.025936126709041],
              [107.183853149414347, 21.025753021240291],
              [107.184745788574276, 21.025751113891715],
              [107.186080932617244, 21.026117324829215],
              [107.186920166015909, 21.026586532592887],
              [107.187644958496151, 21.027212142944279],
              [107.188148498535156, 21.027891159057674],
              [107.188262939453409, 21.028564453125114],
              [107.188209533691634, 21.029161453247184],
              [107.188041687011776, 21.029989242553768],
              [107.188209533691634, 21.030830383300895],
              [107.188606262207088, 21.031145095825195],
              [107.188766479492244, 21.031183242797852],
              [107.18988037109375, 21.031339645385799],
              [107.190704345703182, 21.031728744506893],
              [107.191650390625057, 21.032564163208065],
              [107.19205474853544, 21.032852172851562],
              [107.193000793457088, 21.033060073852539],
              [107.194953918457145, 21.033058166503963],
              [107.197128295898438, 21.033161163330135],
              [107.19815826416044, 21.033132553100529],
              [107.198715209960994, 21.033237457275504],
              [107.198989868164233, 21.0334987640382],
              [107.199073791504134, 21.033847808837834],
              [107.199104309082088, 21.033969879150447],
              [107.19921875, 21.034648895263672],
              [107.199493408203409, 21.035953521728516],
              [107.199943542480639, 21.037626266479549],
              [107.200668334961051, 21.039297103881836],
              [107.201789855957315, 21.040811538696403],
              [107.202545166015909, 21.041622161865348],
              [107.202705383301009, 21.04203987121582],
              [107.202713012695369, 21.042404174804744],
              [107.202598571777287, 21.042823791503963],
              [107.201873779297046, 21.043609619140739],
              [107.201484680175952, 21.044393539428711],
              [107.201484680175952, 21.044811248779354],
              [107.201881408691406, 21.045543670654297],
              [107.202438354492358, 21.046012878417969],
              [107.203498840332315, 21.046480178833065],
              [107.204719543457202, 21.046636581421012],
              [107.205558776855696, 21.046739578247184],
              [107.206283569335938, 21.046949386596737],
              [107.206741333008097, 21.047294616699162],
              [107.206680297851619, 21.047752380371151],
              [107.206489562988338, 21.048419952392635],
              [107.206092834472656, 21.049314498901481],
              [107.206092834472656, 21.049983978271541],
              [107.206253051757983, 21.050653457641658],
              [107.20713043212919, 21.052291870117188],
              [107.207374572753849, 21.053085327148494],
              [107.207321166992472, 21.053905487060547],
              [107.207206726074389, 21.054008483886719],
              [107.206878662109432, 21.054523468017635],
              [107.206008911132926, 21.055448532104435],
              [107.204856872558878, 21.056066513061523],
              [107.203491210937557, 21.056787490844783],
              [107.20307922363304, 21.057069778442326],
              [107.202919006347713, 21.057325363159293],
              [107.202919006347713, 21.057479858398494],
              [107.20307922363304, 21.05773735046381],
              [107.203468322754134, 21.057992935180778],
              [107.203903198242472, 21.058301925659123],
              [107.204124450683537, 21.058506011962891],
              [107.204345703125171, 21.058864593505859],
              [107.204284667969034, 21.059482574462947],
              [107.203956604004077, 21.06004714965826],
              [107.203628540039119, 21.060714721679744],
              [107.203521728515909, 21.061073303222656],
              [107.203521728515909, 21.061485290527401],
              [107.203849792480696, 21.061998367309684],
              [107.204345703125171, 21.062202453613281],
              [107.204948425292969, 21.062356948852653],
              [107.20560455322294, 21.062406539917049],
              [107.206314086914119, 21.062406539917049],
              [107.207191467285327, 21.062610626220817],
              [107.207519531250284, 21.063020706176758],
              [107.207687377929744, 21.063276290893555],
              [107.207740783691349, 21.063688278198242],
              [107.207740783691349, 21.064098358154354],
              [107.207687377929744, 21.064767837524471],
              [107.207489013671932, 21.065139770507869],
              [107.207847595215071, 21.065355300903377],
              [107.207885742187784, 21.065561294555721],
              [107.207633972168026, 21.066146850586051],
              [107.207595825195483, 21.066661834716797],
              [107.207603454589844, 21.066812515258789],
              [107.207695007324503, 21.066877365112418],
              [107.209693908691577, 21.0678005218507],
              [107.210357666015682, 21.068096160888729],
              [107.21124267578125, 21.068658828735465],
              [107.211593627929858, 21.068864822387809],
              [107.212348937988452, 21.069486618042049],
              [107.212890624999943, 21.0704345703125],
              [107.213142395019531, 21.071649551391658],
              [107.213142395019531, 21.072448730468864],
              [107.213272094726506, 21.073545455932731],
              [107.213493347168139, 21.074464797973633],
              [107.213714599609375, 21.075056076049918],
              [107.214042663574162, 21.075658798217717],
              [107.214904785156477, 21.076755523681584],
              [107.215560913085881, 21.078031539917049],
              [107.215995788574219, 21.078996658325138],
              [107.216438293457259, 21.079795837402401],
              [107.216644287109432, 21.080652236938533],
              [107.216857910156534, 21.081277847290153],
              [107.217010498047102, 21.081663131713924],
              [107.217010498047102, 21.081840515136719],
              [107.216873168945597, 21.082424163818473],
              [107.216674804687784, 21.082897186279297],
              [107.216499328613395, 21.083156585693416],
              [107.216346740722827, 21.083414077758789],
              [107.216323852539006, 21.083585739135799],
              [107.216392517089844, 21.083799362182674],
              [107.21681213378929, 21.084157943725643],
              [107.218185424804972, 21.084861755371037],
              [107.219360351562614, 21.085512161254883],
              [107.220085144043026, 21.085866928100643],
              [107.220718383789006, 21.086103439331168],
              [107.221328735351733, 21.086322784423828],
              [107.221900939941577, 21.086399078369197],
              [107.22238922119169, 21.086368560791072],
              [107.223075866699219, 21.086297988891602],
              [107.223831176757812, 21.086267471313477],
              [107.224540710449162, 21.08615875244152],
              [107.225090026855582, 21.086166381836051],
              [107.225837707519815, 21.086097717285213],
              [107.226280212402514, 21.086095809936637],
              [107.226615905761832, 21.086191177368278],
              [107.226951599121151, 21.086229324340934],
              [107.227485656738338, 21.086627960205192],
              [107.227859497070369, 21.087160110473746],
              [107.228050231933651, 21.087839126586914],
              [107.228057861328182, 21.088373184204102],
              [107.227897644043026, 21.08888053894043],
              [107.227645874023438, 21.089561462402401],
              [107.227401733398381, 21.09033393859869],
              [107.227386474609318, 21.090890884399414],
              [107.227523803710994, 21.091459274292106],
              [107.227966308593693, 21.092081069946346],
              [107.228469848632869, 21.092613220214901],
              [107.228683471679972, 21.092815399169922],
              [107.230949401855526, 21.094491958618164],
              [107.231246948242358, 21.094594955444336],
              [107.231712341308651, 21.094718933105526],
              [107.234306335449219, 21.094621658325309],
              [107.235450744628906, 21.094627380371094],
              [107.236106872558651, 21.094617843627987],
              [107.236724853515739, 21.094566345214957],
              [107.237495422363224, 21.09449386596674],
              [107.238044738769815, 21.094507217407227],
              [107.238502502441406, 21.094501495361271],
              [107.239044189453296, 21.094451904296875],
              [107.239524841308651, 21.094337463378963],
              [107.239929199219034, 21.094139099121151],
              [107.240493774414119, 21.093769073486328],
              [107.241058349609432, 21.093397140502873],
              [107.241691589355412, 21.093046188354492],
              [107.242256164550895, 21.092697143554688],
              [107.24275207519554, 21.092519760131893],
              [107.243164062500057, 21.092386245727539],
              [107.243614196777287, 21.092336654663143],
              [107.243980407714787, 21.092395782470646],
              [107.244323730469034, 21.092376708984432],
              [107.245285034179972, 21.092649459838867],
              [107.245826721191463, 21.09288406372076],
              [107.246826171875114, 21.09328651428234],
              [107.247459411621264, 21.094022750854492],
              [107.247787475586051, 21.094394683837947],
              [107.248863220215071, 21.095399856567326],
              [107.249565124511719, 21.095460891723633],
              [107.249977111816463, 21.095455169677678],
              [107.250358581543026, 21.095508575439453],
              [107.250686645507983, 21.095504760742301],
              [107.251449584961108, 21.095611572265625],
              [107.252220153808764, 21.095914840698242],
              [107.252517700195597, 21.095939636230469],
              [107.252876281738338, 21.095830917358512],
              [107.253082275390682, 21.095714569091854],
              [107.253402709960938, 21.095483779907283],
              [107.253898620605412, 21.095272064208984],
              [107.254440307617472, 21.095067977905387],
              [107.255325317382869, 21.094783782959041],
              [107.256134033203182, 21.09465217590332],
              [107.257034301757869, 21.094549179077092],
              [107.257858276367472, 21.094568252563533],
              [107.258308410644702, 21.094667434692383],
              [107.262893676757983, 21.095857620239315],
              [107.264541625976847, 21.095998764038143],
              [107.264801025390796, 21.098161697387752],
              [107.265029907226562, 21.098451614379826],
              [107.266502380371037, 21.099292755126953],
              [107.267021179199503, 21.099721908569336],
              [107.267242431640739, 21.100349426269531],
              [107.267211914062784, 21.102283477783317],
              [107.268951416015739, 21.104461669921989],
              [107.269180297851733, 21.105260848999023],
              [107.269104003906307, 21.105928421020508],
              [107.268501281738509, 21.106573104858398],
              [107.267532348632869, 21.107004165649528],
              [107.266731262207031, 21.107334136962891],
              [107.266334533691577, 21.107416152954045],
              [107.265090942382869, 21.107633590698299],
              [107.264221191406421, 21.107868194580078],
              [107.264144897460994, 21.108501434326229],
              [107.264007568359318, 21.108715057373104],
              [107.263320922851562, 21.109039306640739],
              [107.262634277344034, 21.109457015991211],
              [107.26177978515625, 21.109846115112305],
              [107.260528564453409, 21.110332489013615],
              [107.259750366210994, 21.110740661621151],
              [107.259574890137003, 21.110862731933594],
              [107.2598876953125, 21.111204147338867],
              [107.260658264160213, 21.112178802490348],
              [107.260681152343977, 21.11232948303234],
              [107.260322570800838, 21.11258506774908],
              [107.259620666503849, 21.113019943237418],
              [107.259269714355639, 21.113386154174918],
              [107.258773803711165, 21.11375617980957],
              [107.258247375488565, 21.114187240600529],
              [107.257690429687784, 21.114696502685661],
              [107.257232666015682, 21.115110397338981],
              [107.256843566894588, 21.115297317504883],
              [107.256553649902457, 21.115331649780217],
              [107.253585815429688, 21.114175796508846],
              [107.253372192382983, 21.114131927490348],
              [107.252876281738338, 21.114778518676815],
              [107.252418518066577, 21.11527061462408],
              [107.252128601074276, 21.115486145019588],
              [107.251846313476733, 21.115560531616211],
              [107.251213073730582, 21.115427017211857],
              [107.250656127929631, 21.115457534790039],
              [107.250289916992131, 21.11567306518549],
              [107.25003814697294, 21.115917205810547],
              [107.249717712402287, 21.116209030151424],
              [107.24885559082054, 21.117088317871207],
              [107.247871398925781, 21.118442535400447],
              [107.247642517090014, 21.118719100952262],
              [107.247451782226733, 21.118833541870117],
              [107.247283935546875, 21.118873596191406],
              [107.247047424316349, 21.119031906127987],
              [107.246299743652514, 21.119365692138729],
              [107.245910644531421, 21.119796752929688],
              [107.245552062988452, 21.120534896850586],
              [107.244697570801065, 21.122102737426701],
              [107.244178771972599, 21.122470855712947],
              [107.243621826172046, 21.122901916503963],
              [107.243263244629077, 21.123210906982479],
              [107.242767333984432, 21.123886108398494],
              [107.242507934570312, 21.124347686767635],
              [107.242080688476506, 21.125238418579158],
              [107.241661071777628, 21.12622261047369],
              [107.241432189941463, 21.127113342285213],
              [107.241233825683821, 21.127820968627987],
              [107.241210937500057, 21.128349304199162],
              [107.241271972656534, 21.129095077514648],
              [107.241340637207202, 21.130125045776424],
              [107.241371154785156, 21.13126182556158],
              [107.241325378417912, 21.132423400878906],
              [107.241378784179688, 21.133165359497013],
              [107.241470336914347, 21.1335964202882],
              [107.241668701172159, 21.134424209594783],
              [107.242004394531307, 21.135807037353572],
              [107.242759704590071, 21.137403488159293],
              [107.242988586426065, 21.137863159179801],
              [107.2432861328125, 21.13847732543951],
              [107.243415832519474, 21.138877868652344],
              [107.243629455566577, 21.139457702636719],
              [107.243743896484659, 21.139818191528434],
              [107.243743896484659, 21.140058517456112],
              [107.243644714355639, 21.140348434448242],
              [107.243522644043196, 21.140495300293026],
              [107.243370056152628, 21.140569686889648],
              [107.243026733398381, 21.140781402587947],
              [107.240203857422046, 21.141572952270508],
              [107.239227294921818, 21.141893386840934],
              [107.238670349121264, 21.14195442199707],
              [107.237815856933651, 21.142000198364258],
              [107.237144470215014, 21.141937255859375],
              [107.23664855957054, 21.141901016235465],
              [107.235717773437557, 21.141744613647518],
              [107.234947204589901, 21.141738891601562],
              [107.234260559081974, 21.141941070556754],
              [107.233581542968807, 21.142280578613224],
              [107.233261108398722, 21.142423629760685],
              [107.233039855957088, 21.142532348632812],
              [107.232643127441634, 21.1427001953125],
              [107.232795715332031, 21.144113540649471],
              [107.232818603515682, 21.145011901855469],
              [107.232551574706974, 21.146530151367188],
              [107.232582092285327, 21.147693634033317],
              [107.23297119140625, 21.149366378784237],
              [107.233100891113395, 21.150129318237362],
              [107.233169555664062, 21.151231765747184],
              [107.233215332031477, 21.151653289794979],
              [107.233421325683651, 21.152290344238338],
              [107.233810424804744, 21.15296745300293],
              [107.234283447265796, 21.153390884399357],
              [107.235099792480526, 21.15406608581543],
              [107.236114501953409, 21.155284881591911],
              [107.236480712890682, 21.155759811401481],
              [107.236839294433821, 21.156541824340877],
              [107.237113952636662, 21.157135009765739],
              [107.237632751464901, 21.158552169799862],
              [107.237953186035156, 21.159187316894588],
              [107.238334655761719, 21.160245895385799],
              [107.238609313965128, 21.160562515258846],
              [107.238883972167969, 21.160732269287109],
              [107.239906311035213, 21.160867691040039],
              [107.240295410156307, 21.161056518554744],
              [107.240844726562727, 21.161344528198242],
              [107.241378784179688, 21.161754608154354],
              [107.24167633056652, 21.162000656127987],
              [107.241943359375, 21.162153244018612],
              [107.242240905762003, 21.162206649780387],
              [107.242378234863509, 21.16222190856945],
              [107.242736816406307, 21.162168502807674],
              [107.243148803710994, 21.162078857421989],
              [107.243293762207031, 21.162021636962834],
              [107.243629455566577, 21.161880493164176],
              [107.244239807128906, 21.161846160888672],
              [107.244712829590128, 21.161825180053825],
              [107.245208740234432, 21.16186714172369],
              [107.245658874512003, 21.162078857421989],
              [107.246124267578296, 21.162559509277344],
              [107.246643066406364, 21.163236618041992],
              [107.247192382812784, 21.164018630981559],
              [107.247756958008097, 21.164779663085881],
              [107.248764038085881, 21.165821075439567],
              [107.249397277832031, 21.166477203369197],
              [107.252227783203296, 21.166980743408146],
              [107.253051757812727, 21.167146682739258],
              [107.253776550292969, 21.167402267455998],
              [107.254669189453068, 21.16783523559576],
              [107.255332946777401, 21.168329238891602],
              [107.256126403808651, 21.168790817260742],
              [107.256729125976847, 21.168901443481445],
              [107.257858276367472, 21.168821334838924],
              [107.258232116699276, 21.168743133544922],
              [107.258468627929801, 21.168666839599723],
              [107.258590698242415, 21.168907165527401],
              [107.258712768554858, 21.169202804565487],
              [107.258850097656364, 21.169570922851562],
              [107.258956909179744, 21.169906616211051],
              [107.259040832519645, 21.170318603515568],
              [107.259170532226619, 21.170686721801871],
              [107.259414672851676, 21.170860290527457],
              [107.260086059570369, 21.170867919921989],
              [107.262107849121037, 21.170927047729549],
              [107.262962341308651, 21.171167373657227],
              [107.26438140869152, 21.172050476074219],
              [107.265258789062727, 21.172586441040096],
              [107.266899108886889, 21.172859191894531],
              [107.268280029296875, 21.173728942871207],
              [107.269721984863395, 21.17468452453619],
              [107.27021789550804, 21.175090789794979],
              [107.272422790527514, 21.177064895629883],
              [107.274353027343921, 21.178436279296932],
              [107.275085449218693, 21.178810119628963],
              [107.276069641113452, 21.179151535034237],
              [107.277442932128963, 21.179531097412223],
              [107.278007507324219, 21.179584503173828],
              [107.279129028320312, 21.179569244384709],
              [107.279991149902628, 21.179611206054801],
              [107.280944824219034, 21.179508209228629],
              [107.282669067383097, 21.178861618041992],
              [107.285446166992188, 21.177568435669059],
              [107.28574371337902, 21.177482604980526],
              [107.286453247070369, 21.177694320678825],
              [107.287231445312784, 21.178010940551758],
              [107.288307189941406, 21.178482055664176],
              [107.28897857666027, 21.178754806518612],
              [107.289962768554631, 21.1790065765382],
              [107.29095458984375, 21.179214477539119],
              [107.291557312011776, 21.179517745971737],
              [107.293052673339844, 21.181877136230526],
              [107.293983459472827, 21.182218551635799],
              [107.297119140625227, 21.184585571289176],
              [107.298667907714901, 21.185527801513672],
              [107.299270629883097, 21.185871124267578],
              [107.300689697265625, 21.186798095703182],
              [107.300964355469034, 21.186840057373047],
              [107.30207824707054, 21.186471939086971],
              [107.304679870605639, 21.185447692871094],
              [107.306152343750114, 21.18448448181158],
              [107.306892395019815, 21.183795928955078],
              [107.307922363281421, 21.182538986206055],
              [107.308341979980526, 21.181764602661246],
              [107.309410095214787, 21.181062698364258],
              [107.311820983886776, 21.179464340209961],
              [107.314048767089844, 21.178089141845703],
              [107.316543579101619, 21.176097869873161],
              [107.316764831543196, 21.175458908081055],
              [107.318084716796932, 21.172666549682674],
              [107.318443298339844, 21.172662734985352],
              [107.319061279296932, 21.172742843627873],
              [107.319816589355696, 21.172790527343693],
              [107.320854187011662, 21.172807693481559],
              [107.321502685546932, 21.172782897949332],
              [107.321998596191349, 21.172687530517692],
              [107.322486877441634, 21.17241287231451],
              [107.322624206542969, 21.172523498535213],
              [107.323013305664062, 21.172689437866325],
              [107.32344055175804, 21.173030853271598],
              [107.325775146484659, 21.174570083618164],
              [107.327590942382812, 21.175977706909293],
              [107.328674316406193, 21.176889419555664],
              [107.3291015625, 21.177200317382812],
              [107.329612731933707, 21.177438735961914],
              [107.330108642578352, 21.176391601562614],
              [107.330513000488338, 21.175863265991211],
              [107.331176757812671, 21.175487518310604],
              [107.332450866699503, 21.175149917602539],
              [107.33277893066429, 21.175184249878043],
              [107.333503723144531, 21.175483703613281],
              [107.334251403808594, 21.176082611084098],
              [107.335327148437614, 21.177257537841911],
              [107.335823059082088, 21.177841186523494],
              [107.336021423340071, 21.178058624267578],
              [107.336181640625, 21.178384780883789],
              [107.336349487304688, 21.179084777831974],
              [107.336349487304688, 21.180965423583984],
              [107.336189270019588, 21.1816921234132],
              [107.335845947265682, 21.182645797729606],
              [107.334098815918026, 21.186115264892578],
              [107.334060668945312, 21.186782836914062],
              [107.334365844726847, 21.189287185668945],
              [107.334686279297102, 21.189592361450309],
              [107.335342407226506, 21.19017410278326],
              [107.335906982421989, 21.190628051757869],
              [107.336914062500171, 21.191751480102539],
              [107.338005065918082, 21.19279861450201],
              [107.339035034179688, 21.194028854370174],
              [107.33914947509777, 21.194232940673942],
              [107.340454101562784, 21.194890975952148],
              [107.341361999511946, 21.196014404296989],
              [107.342521667480526, 21.197628021240348],
              [107.343154907226676, 21.198566436767635],
              [107.343879699707315, 21.200021743774471],
              [107.344230651855696, 21.200342178344727],
              [107.344863891601676, 21.200578689575252],
              [107.345756530761946, 21.200992584228516],
              [107.346397399902457, 21.201215744018555],
              [107.347846984863509, 21.202341079711971],
              [107.348403930664119, 21.202749252319336],
              [107.348609924316634, 21.202913284301815],
              [107.348876953125114, 21.203201293945369],
              [107.349052429199503, 21.203992843628043],
              [107.348602294921932, 21.206773757934684],
              [107.348655700683878, 21.207300186157283],
              [107.348793029785213, 21.208002090454102],
              [107.349494934082202, 21.209678649902401],
              [107.349761962890852, 21.21115684509283],
              [107.350112915039119, 21.211606979370231],
              [107.350509643554744, 21.211662292480582],
              [107.351097106933821, 21.211624145507869],
              [107.351676940918026, 21.211660385131779],
              [107.352210998535213, 21.211679458618221],
              [107.352279663086222, 21.213081359863281],
              [107.352416992187557, 21.213907241821289],
              [107.352691650390739, 21.214708328247127],
              [107.353576660156477, 21.216060638427734],
              [107.355308532714901, 21.218469619750977],
              [107.355789184570483, 21.218965530395621],
              [107.356521606445256, 21.219648361206168],
              [107.357383728027571, 21.220182418823356],
              [107.358612060546818, 21.220579147338981],
              [107.359443664550781, 21.220760345458928],
              [107.359817504882812, 21.220842361450252],
              [107.36374664306652, 21.221611022949332]
            ]
          ]
        ]
      }
    }
  ]
}
